Date,GARCH_VaR95,GARCH_VaR99,HAR_RV_VaR95,HAR_RV_VaR99
2021-07-29,-8.651367128844635,-14.446921060886336,-6.93064010591937,-9.802136562163163
2021-07-30,-8.307755602445004,-13.87312405012775,-6.142950881454875,-8.68809266019357
2021-08-02,-8.559182234886771,-14.292981473514635,-6.9221243420942224,-9.790092554875304
2021-08-03,-8.24178849368281,-13.762965551625838,-5.753375993334145,-8.137109461500659
2021-08-04,-7.621466485421376,-12.727089608296149,-5.075456921242773,-7.1783155808230115
2021-08-05,-7.383294443697251,-12.329366030686504,-5.531185455894597,-7.822861144243105
2021-08-06,-7.83551134640188,-13.084523198157765,-5.926112870510651,-8.3814145233029
2021-08-09,-7.293778441498903,-12.179883226618013,-5.0417720745463965,-7.130674459318029
2021-08-10,-6.784977125240428,-11.330235726727103,-4.575113575075133,-6.470670438072624
2021-08-11,-6.3971678910170855,-10.682632947875245,-4.811889973243359,-6.805547816506948
2021-08-12,-5.99651768740055,-10.013587029643691,-4.40693750060783,-6.232815806577752
2021-08-13,-5.661696824096527,-9.454469550330684,-3.475644732617032,-4.915670672551233
2021-08-16,-6.14022696126648,-10.253567197441248,-4.001551047419578,-5.659470009671003
2021-08-17,-6.060008527157026,-10.119610405647814,-4.450579797933326,-6.294539940529776
2021-08-18,-5.685177821088199,-9.493680475600351,-4.347582439140567,-6.148868810446647
2021-08-19,-6.520749277502657,-10.889001549341632,-5.093803356840121,-7.204263294801198
2021-08-20,-6.318830408414868,-10.551817157676092,-5.465177358742799,-7.729504632780643
2021-08-23,-5.888609519963215,-9.833391142268345,-4.723268471455694,-6.680208735326734
2021-08-24,-5.500553596033742,-9.18537641618804,-4.200454440579097,-5.940782874374806
2021-08-25,-7.012967672428027,-11.71095722297083,-5.229899963544251,-7.3967473228524465
2021-08-26,-6.510506350867234,-10.871896882491809,-4.360498761787942,-6.167136612054524
2021-08-27,-7.445494479677462,-12.433233893003244,-4.819846352259682,-6.816800675184708
2021-08-30,-7.025108827146696,-11.731231741575389,-5.277328237579122,-7.463826035913949
2021-08-31,-6.754962999740669,-11.280115127826516,-5.624772583614479,-7.955223204940411
2021-09-01,-6.86539679970307,-11.464528569858258,-4.969871689608041,-7.028984372794
2021-09-02,-6.404927450049726,-10.695590638277503,-5.137699206420636,-7.266346032546141
2021-09-03,-5.962584807299746,-9.956922501034061,-4.081720565817232,-5.772855289449922
2021-09-06,-5.5628644743699915,-9.289429374194746,-3.731077682854472,-5.276934368607989
2021-09-07,-5.758349646004566,-9.61587013218344,-3.781377045012065,-5.348073716391656
2021-09-08,-5.415195234664551,-9.042836458026304,-3.278285252421567,-4.636541393415643
2021-09-09,-5.112506203957544,-8.537375937452568,-3.284879420915006,-4.6458676517552435
2021-09-10,-5.074544563953862,-8.473983781241042,-3.6353598252930452,-5.141558776034159
2021-09-13,-4.7829186502391705,-7.9869975636872805,-3.7764942628453313,-5.341167904393029
2021-09-14,-4.521625137656827,-7.550663433626734,-3.2029014382533623,-4.52992462645607
2021-09-15,-4.766453955221183,-7.959503163591442,-3.472858223309129,-4.911729659260921
2021-09-16,-4.495210771839374,-7.5065540747063615,-3.420572251454223,-4.837780611471024
2021-09-17,-4.361680749936471,-7.283572243400436,-3.2190822006778457,-4.552809387537409
2021-09-20,-4.268028668412262,-7.12718259898725,-3.317775477183467,-4.692393171905202
2021-09-21,-4.086472284800892,-6.824001529097346,-3.3421075292040485,-4.7268064574168385
2021-09-22,-5.198577966023053,-8.681107203692088,-3.6666738726291603,-5.185846830760949
2021-09-23,-5.432941696901191,-9.07247128165874,-4.352611548770235,-6.15598157616853
2021-09-24,-5.3966026280205845,-9.011788657545623,-4.520824610348293,-6.393888519239982
2021-09-27,-5.339749579740586,-8.916849731900747,-4.722038797167571,-6.678469583514642
2021-09-28,-5.00111132166304,-8.351357583690907,-4.588982692223688,-6.490285795126103
2021-09-29,-5.017242847302878,-8.378295624123082,-3.998963407110911,-5.655810260601413
2021-09-30,-4.751976800435049,-7.9353277576392225,-3.556694707348343,-5.030301198524966
2021-10-01,-4.532998498837568,-7.5696558135278575,-3.2253766730243,-4.5617117798971
2021-10-04,-4.689596712731487,-7.831159226885299,-3.2587057453549924,-4.608849722927301
2021-10-05,-4.6700839788832,-7.798574905657225,-3.706470865848653,-5.242132477734274
2021-10-06,-4.405637623040486,-7.356975841509203,-3.3763574538205137,-4.7752467794078255
2021-10-07,-4.71344451625179,-7.870982682508243,-3.6967890363325404,-5.228439281487153
2021-10-08,-4.6093862345836945,-7.697215720755088,-3.888259219275724,-5.499239215130871
2021-10-11,-4.376529909473334,-7.308368860218871,-3.51753065365223,-4.974910729998211
2021-10-12,-4.999561255711986,-8.348769128005172,-3.7426390239565297,-5.293285793958633
2021-10-13,-4.710217800907951,-7.865594389402178,-3.880399049451529,-5.488122426949538
2021-10-14,-4.446385369643591,-7.425020518126996,-3.3570418141791105,-4.747928301654398
2021-10-15,-4.656233895006443,-7.775446645640718,-3.4789429546495847,-4.920335410913251
2021-10-18,-4.396528188549339,-7.34176399359627,-3.5072570914216383,-4.960380634880716
2021-10-19,-4.227663898366874,-7.059777455060082,-2.9476949807394277,-4.168981263380426
2021-10-20,-4.040006803812119,-6.746408805785122,-2.9951342687581413,-4.236075553729461
2021-10-21,-4.027324457323632,-6.725230550850696,-3.2335961697873072,-4.5733367710251835
2021-10-22,-4.266588330831576,-7.124777378746415,-3.124938515963287,-4.419660177661516
2021-10-25,-4.0726531832932995,-6.800925006550184,-3.257298368218161,-4.606859242585102
2021-10-26,-3.9792781562841033,-6.644998015570651,-3.258683060882755,-4.608817639845318
2021-10-27,-3.7890409451139524,-6.327320828637379,-3.176113022184686,-4.492037258395372
2021-10-28,-3.7352166993475384,-6.237439701392584,-3.0705399310638013,-4.342723220926774
2021-10-29,-3.590860650265794,-5.9963794834309505,-2.646688738868423,-3.743262391271757
2021-11-01,-4.071943509142252,-6.7997399214316765,-3.0094781645059387,-4.256362399216252
2021-11-02,-3.873433644656128,-6.4682482277690045,-2.9214028478711223,-4.131795798120796
2021-11-03,-3.7020577777709893,-6.182067606399257,-2.947079509086941,-4.168110790077006
2021-11-04,-3.7154040415141845,-6.204354536994638,-2.9579026389946295,-4.183418149247855
2021-11-05,-4.343369925165378,-7.25299499056999,-3.495899748196394,-4.944317727620227
2021-11-08,-5.951012611802776,-9.937598087637193,-4.088335752497969,-5.782211274212917
2021-11-09,-6.968344687863453,-11.636441285095975,-5.2781896853611405,-7.4650443979514325
2021-11-10,-6.475722937646593,-10.813812048321337,-5.5147321257006325,-7.7995908853638625
2021-11-11,-6.34298205408458,-10.59214799941294,-5.63592934309323,-7.971002422780408
2021-11-12,-5.923580575602791,-9.891789320581264,-5.201546060326048,-7.356645856441313
2021-11-15,-5.737949017755129,-9.58180311577751,-4.361498294869065,-6.168550270765672
2021-11-16,-5.695494145072108,-9.51090770870865,-3.6758715237908364,-5.198855244321607
2021-11-17,-5.9454777205570535,-9.928355370767516,-4.31342583965177,-6.100560479964684
2021-11-18,-5.570103522108621,-9.301517862601079,-4.053258594657877,-5.7326009804873115
2021-11-19,-5.231943930132763,-8.736825039085547,-4.037525911276585,-5.710349946147642
2021-11-22,-4.991522958008716,-8.335345971797192,-3.8410959961590785,-5.432535368641095
2021-11-23,-4.731374379133366,-7.900923766943213,-3.457555652341655,-4.890086941116133
2021-11-24,-4.467240607135754,-7.459846686669859,-2.823467405588811,-3.9932838331571032
2021-11-25,-5.191610199616413,-8.669471728079014,-3.3649527776751915,-4.759116928295197
2021-11-26,-4.884508586517898,-8.15664263459242,-3.4733561220021008,-4.912433846884003
2021-11-29,-4.670417131640076,-7.799131237565017,-3.4194360813749634,-4.836173704445908
2021-11-30,-4.576128637243647,-7.641678847069025,-3.5876539672975967,-5.074087470679959
2021-12-01,-5.190049200715756,-8.666865015456828,-4.222845016219283,-5.972450292791626
2021-12-02,-4.87411590951805,-8.139287899555516,-3.664904516444263,-5.183344396543269
2021-12-03,-4.591551191598839,-7.667432976099547,-3.6593663703714014,-5.175511690865617
2021-12-06,-4.536428038760358,-7.575382803470815,-3.7551209803905214,-5.3109392631417265
2021-12-07,-4.325325153942015,-7.222862020653997,-3.592707611474334,-5.081234936079966
2021-12-08,-5.138355464783487,-8.580541627345621,-3.4298230900275164,-4.850864249002931
2021-12-09,-5.2931339348672966,-8.839006249864093,-3.9180857813346384,-5.541423491043799
2021-12-10,-5.098594729610261,-8.514145161467388,-4.215491245134914,-5.962049714011854
2021-12-13,-4.793569050812908,-8.004782671412348,-3.920258864838874,-5.5444969245137194
2021-12-14,-4.5132902408232605,-7.536744986425054,-3.7600293639727513,-5.317881283710852
2021-12-15,-4.473523409610619,-7.470338340768422,-3.241973326532931,-4.585184743675375
2021-12-16,-4.459785002077177,-7.4473965691175374,-3.032973710812234,-4.289592598732778
2021-12-17,-4.390454788618415,-7.331622020880686,-3.0247323722077595,-4.27793671627149
2021-12-20,-4.175828192620026,-6.973216991504762,-3.1388676089229826,-4.439360359649236
2021-12-21,-5.474934093899264,-9.14259440041599,-4.089685900584379,-5.784120814416979
2021-12-22,-5.225930553808131,-8.726783299811563,-4.165816385175557,-5.891793611604792
2021-12-23,-5.317004792477385,-8.878868203519811,-4.30602941431794,-6.090099574465907
2021-12-24,-5.01098264674825,-8.367841712979201,-4.208520311335934,-5.952190589310653
2021-12-27,-4.902045839632513,-8.185928099837202,-4.3642685516610715,-6.172468297812598
2021-12-28,-8.503796020530114,-14.200492014362666,-4.979941281450179,-7.04322598869865
2021-12-29,-9.070468647528868,-15.146778836744854,-6.186866778552936,-8.750203751525154
2021-12-30,-14.199514426711964,-23.711774216778636,-8.460478187619202,-11.965815755663899
2021-12-31,-14.680578912525426,-24.515103973594897,-10.524318905989574,-14.884745068807874
2022-01-03,-13.610514172475906,-22.72820248169187,-10.972245400272369,-15.518256057644384
2022-01-04,-15.8168332961518,-26.412535574966384,-11.689987035393786,-16.53337174916638
2022-01-05,-18.538547207081788,-30.957526607704217,-13.51276886977878,-19.111366882460327
2022-01-06,-17.012669135932693,-28.409462271267667,-11.241851201241008,-15.899564686956833
2022-01-07,-16.110428522741177,-26.902810348793512,-10.260235578777506,-14.511246979517068
2022-01-10,-19.95446756614448,-33.32197252142333,-12.94307363913777,-18.305636046027658
2022-01-11,-20.604880970085006,-34.4080980971537,-13.195850314079893,-18.66314292124341
2022-01-12,-18.972271777234745,-31.681803422437365,-11.17617393509162,-15.806676076094467
2022-01-13,-17.415450543508566,-29.08206708775272,-11.246378272460735,-15.905967410174922
2022-01-14,-18.18778290770282,-30.371785178790688,-12.070138158847836,-17.071026737653483
2022-01-17,-17.196539293096205,-28.716507112439352,-9.997053298855088,-14.139023258603086
2022-01-18,-15.851332324178532,-26.47014551419989,-7.789915219777925,-11.017425753606839
2022-01-19,-14.566902445428651,-24.32527560055637,-7.5505650133457065,-10.678908189027668
2022-01-20,-13.413526866058989,-22.399253308293208,-7.583858243536509,-10.725995439835433
2022-01-21,-12.625387512257072,-21.0831391196592,-6.015063962926776,-8.507219750798663
2022-01-24,-12.4293018068758,-20.755695530152238,-6.162809258880182,-8.716178742352069
2022-01-25,-12.690978730644591,-21.192669918690083,-7.257046192610382,-10.263778919516842
2022-01-26,-14.29887754452934,-23.877700722739192,-9.216667201258764,-13.03530830833183
2022-01-27,-14.802209719686422,-24.718215301949943,-10.784706976388538,-15.253016885869746
2022-01-28,-13.595324459084523,-22.702837173870044,-10.340863806603775,-14.625281020794624
2022-01-31,-13.253355008048716,-22.13178226534847,-9.857047069718757,-13.94100977693698
2022-02-01,-12.300151876639628,-20.540028015486246,-8.928300021827281,-12.627465103427998
2022-02-02,-11.40383780982411,-19.04327283492381,-7.2077014979553375,-10.193989776200358
2022-02-03,-14.621117257680169,-24.41580893491425,-7.616071552536476,-10.771555337494402
2022-02-04,-13.697596224605242,-22.873620831670102,-8.486167583184072,-12.002148758052988
2022-02-07,-12.597693862126825,-21.036893483407614,-7.588794201994705,-10.73297646007786
2022-02-08,-11.592320548735774,-19.358020228005497,-7.181551300813391,-10.157005053347135
2022-02-09,-10.97196718844631,-18.322091929912993,-7.149947364733582,-10.112307003438069
2022-02-10,-11.044726510156305,-18.443592747244313,-5.487394224780055,-7.760926370391065
2022-02-11,-16.066698506099044,-26.829785578371528,-7.784024073075052,-11.0090937924017
2022-02-14,-15.66629210655777,-26.161146788652403,-9.593627518443983,-13.56845047862141
2022-02-15,-14.478778058979579,-24.17811665612503,-9.944685657148371,-14.064958703583232
2022-02-16,-14.518144399583749,-24.24385452237142,-10.74868510780932,-15.202070469717475
2022-02-17,-13.363151980661975,-22.315132269162245,-10.034468829548507,-14.191940757679319
2022-02-18,-12.345271764312498,-20.615373732039263,-7.152672984874967,-10.116161900018202
2022-02-21,-13.697887212924956,-22.874106753169208,-7.4214409864871955,-10.496285613712793
2022-02-22,-12.675853884794488,-21.167412933198623,-7.663678839082058,-10.838887231365975
2022-02-23,-12.264755742634184,-20.48091999865822,-6.927367990494059,-9.797508746873971
2022-02-24,-11.291861834388827,-18.856284113518655,-6.934144655922654,-9.80709311411163
2022-02-25,-12.385442941132881,-20.682455594570797,-8.004505139329504,-11.320924371939604
2022-02-28,-13.388357749576718,-22.35722339168277,-8.039910733088156,-11.370999178852514
2022-03-01,-12.96193608925138,-21.645141708681187,-8.967042759344514,-12.682259696442806
2022-03-02,-11.928942945149037,-19.920146088101585,-8.012709625267751,-11.332528132971772
2022-03-03,-11.328954356489456,-18.9182249294332,-8.590581944738744,-12.14982398218356
2022-03-04,-10.658641120126196,-17.798868616426923,-7.485500071340513,-10.586885599887681
2022-03-07,-10.277645946765213,-17.162644640244803,-6.0560578993185,-8.565198257342253
2022-03-08,-9.514087957587465,-15.887578881183298,-5.314726491583298,-7.516719100238888
2022-03-09,-9.670106324609135,-16.148114008041507,-6.356706054431017,-8.99041068051487
2022-03-10,-9.122825808690019,-15.234210078882912,-6.250596705789481,-8.840338203801185
2022-03-11,-9.11076623151907,-15.214071786654452,-6.527218416334971,-9.231569567915766
2022-03-14,-11.288284139983292,-18.850309720352,-7.536505708498844,-10.65902384588304
2022-03-15,-12.060616796157444,-20.1400282989673,-8.995697158216734,-12.722786159591902
2022-03-16,-11.621004539816484,-19.40591963496426,-8.846633991082896,-12.511963277678513
2022-03-17,-11.654824554629544,-19.462395689789542,-9.631355168356572,-13.621809413865622
2022-03-18,-10.840598293234542,-18.102718964841088,-9.224675767801859,-13.046634976824622
2022-03-21,-11.530292289860018,-19.25443921633689,-8.66955903633051,-12.26152278997532
2022-03-22,-10.622743353795576,-17.738922923599773,-7.183660688189352,-10.159988400167297
2022-03-23,-11.936405861804804,-19.932608415292666,-7.698687571548487,-10.88840074977982
2022-03-24,-11.199140078990808,-18.701448021036136,-7.212005097901962,-10.200076439732301
2022-03-25,-10.341666787365483,-17.269553064847425,-6.978293317864681,-9.869533409203987
2022-03-28,-9.538938548809012,-15.929076892346997,-5.574072349575261,-7.883516896404554
2022-03-29,-8.80506436710993,-14.703580134004584,-5.457160456879392,-7.718166175485268
2022-03-30,-8.803796409192122,-14.701462770624408,-4.324722048968474,-6.116536924371679
2022-03-31,-8.13550209507133,-13.585477856592485,-3.8596005643924793,-5.4587067326241625
2022-04-01,-7.856176506716719,-13.11903195675427,-4.222485604385373,-5.971941969776117
2022-04-04,-7.674849938163233,-12.816234655111675,-4.824522582029668,-6.823414356186887
2022-04-05,-8.302939360123275,-13.865081405353132,-5.966703145888887,-8.438822124371876
2022-04-06,-8.109343654787962,-13.541795867812962,-5.920402058471477,-8.373337612854032
2022-04-07,-7.8291690952897515,-13.073932270758586,-6.540883892682113,-9.250896911897643
2022-04-08,-9.242970872338939,-15.43484036361606,-7.4439729828913235,-10.52815304621485
2022-04-11,-11.29538644058794,-18.86216985467042,-8.92202413758951,-12.618589000585143
2022-04-12,-10.527284740512513,-17.579516551156733,-8.434841581263388,-11.929557414060577
2022-04-13,-11.0820254417141,-18.505878246385166,-8.857539014853666,-12.527386460902735
2022-04-14,-10.210963399239382,-17.05129143029576,-8.373376343225353,-11.842625954936029
2022-04-15,-9.605268643932746,-16.03984154190379,-7.093061432566358,-10.031852143995456
2022-04-18,-8.870980959831956,-14.813654275752961,-4.994523794639552,-7.063850315386701
2022-04-19,-8.246455690680007,-13.770759305559746,-4.733826077208727,-6.695140558618543
2022-04-20,-12.888839024682033,-21.52307689442831,-5.656384928012302,-7.999933146894104
2022-04-21,-12.515976205288526,-20.900433139043386,-7.074234450488792,-10.005224783959823
2022-04-22,-11.56560443343654,-19.31340697751764,-6.870570759003003,-9.717179338490377
2022-04-25,-11.532070988220386,-19.257409465364667,-7.943427374189076,-11.234540923128453
2022-04-26,-10.795928314235958,-18.02812455094408,-8.373254845479371,-11.842454118355294
2022-04-27,-10.058724011044351,-16.79706682153095,-6.1340804899721695,-8.675547096242115
2022-04-28,-9.721995903774406,-16.23476443483751,-5.8923076518033515,-8.333603157365756
2022-04-29,-8.991358838471175,-15.014673338321632,-5.845146719015619,-8.26690255013187
2022-05-02,-8.332541383130192,-13.914513834153615,-4.736293520161109,-6.698630310273362
2022-05-03,-8.42404921528331,-14.067322795775556,-5.069152446787151,-7.169399042289452
2022-05-04,-10.396567373131218,-17.361231572641824,-6.3912080898901165,-9.039207567681734
2022-05-05,-9.596691481776501,-16.025518535753175,-5.859812830121589,-8.287645110948699
2022-05-06,-8.964197497921633,-14.969316606029139,-5.987163301648547,-8.467759313112643
2022-05-09,-10.256907254710672,-17.128013090969883,-7.404297148827147,-10.47203875694702
2022-05-10,-9.501157559381896,-15.865986404597853,-6.829475576599716,-9.659057637780512
2022-05-11,-8.857123809975706,-14.790514216254776,-5.201982314135107,-7.357262858528682
2022-05-12,-8.238434509908668,-13.757364732922518,-5.39724501763337,-7.6334266263677355
2022-05-13,-7.656225190144265,-12.785133181737388,-5.136372279657788,-7.264469334703137
2022-05-16,-7.565528076128089,-12.63367803862212,-4.082210985117675,-5.77354889882542
2022-05-17,-7.101109520084665,-11.858145325878928,-4.244427372302719,-6.0029746308657375
2022-05-18,-6.838361566228294,-11.419382423814994,-4.405502318027687,-6.230786000466455
2022-05-19,-6.465174409329393,-10.796197057113877,-4.520450497816411,-6.393359404746792
2022-05-20,-6.027258059426116,-10.064920387877322,-4.28593077066779,-6.061673679200511
2022-05-23,-6.225054955243832,-10.395221494905769,-4.154349549534458,-5.8755758471310715
2022-05-24,-8.882884053088137,-14.833531255436219,-5.702549862802707,-8.065225095153316
2022-05-25,-8.81089939542593,-14.713324049875203,-6.236781811288414,-8.820799534872801
2022-05-26,-8.865326461097169,-14.804211826294543,-6.917565929654065,-9.78364550517106
2022-05-27,-9.336939786499867,-15.591759086962556,-7.999258391953219,-11.313503796999406
2022-05-30,-10.224593664929058,-17.074052615843087,-8.800613450874888,-12.446875549432729
2022-05-31,-9.51993876727922,-15.89734915037893,-7.453406835986827,-10.541495524678062
2022-06-01,-8.828049960065092,-14.741963783896603,-6.863920733313477,-9.707774080252403
2022-06-02,-8.165644594085537,-13.635812826470739,-5.879403093131307,-8.315351993772687
2022-06-03,-8.30611639148234,-13.87038673115526,-5.383131999050109,-7.613466314860676
2022-06-06,-8.466827918346468,-14.138758967311958,-4.87331318978647,-6.892419843829311
2022-06-07,-7.841844373546307,-13.095098722449983,-4.771145911254051,-6.747922712099156
2022-06-08,-7.298082243374526,-12.187070146908509,-4.580788664820931,-6.478696825800263
2022-06-09,-8.30169721248822,-13.863007142573348,-5.655257761399132,-7.998338973642897
2022-06-10,-9.339134781178666,-15.595424509361283,-6.325626189998398,-8.946453835137508
2022-06-13,-8.711913627377323,-14.548027680428397,-5.873954473096795,-8.307645906479536
2022-06-14,-10.533335906422739,-17.58962139527321,-7.568324577004943,-10.704025878824254
2022-06-15,-9.89420621962229,-16.522338502828415,-8.18130282147102,-11.570972707697932
2022-06-16,-11.88652950868673,-19.849319875392506,-8.753178681708597,-12.379787650182912
2022-06-17,-11.13712379721492,-18.597887009930876,-8.062083986881156,-11.402359234833613
2022-06-20,-11.03235987379589,-18.422941696765605,-8.840494274036717,-12.503279758693262
2022-06-21,-10.361516826941937,-17.302700653031536,-7.554137193936403,-10.683960392206535
2022-06-22,-11.311001276420422,-18.888245074608598,-8.614111755234905,-12.18310264219769
2022-06-23,-10.768729401591555,-17.98270507699695,-7.453813489824888,-10.54207066296158
2022-06-24,-12.117742184983193,-20.235422006186877,-8.56367192846314,-12.111764632629656
2022-06-27,-11.572589785512031,-19.325071819445416,-8.39350268150277,-11.871091019241279
2022-06-28,-13.032917051099366,-21.763672842243263,-9.847900219156001,-13.928073211632825
2022-06-29,-13.245053358343412,-22.117919337538158,-9.826690364092272,-13.898075708859484
2022-06-30,-13.875346959265292,-23.17044684701587,-10.924459239176764,-15.450671178083175
2022-07-01,-13.687839099111875,-22.857327404321047,-10.572121677068068,-14.95235344018486
2022-07-04,-12.857715167377986,-21.471103153991066,-10.65180509333561,-15.065051216444667
2022-07-05,-12.526133384296257,-20.917394615899077,-9.59071692707653,-13.564333973706367
2022-07-06,-11.750171162815658,-19.62161502488115,-8.651171918347448,-12.23551753812266
2022-07-07,-11.310739028120175,-18.887807146078277,-7.795864942396133,-11.025840559846865
2022-07-08,-11.682248218526206,-19.508190475933162,-7.878720186322848,-11.14302431249438
2022-07-11,-10.768353458520126,-17.98207728952759,-7.337401825597583,-10.37742742471146
2022-07-12,-11.04024441051105,-18.436108087444577,-7.169995889219093,-10.140662014212472
2022-07-13,-10.359627507846554,-17.299545678398818,-7.25195559687341,-10.256579192820032
2022-07-14,-9.94886840613449,-16.613618907624122,-6.984093132021189,-9.877736197045865
2022-07-15,-18.540853373484136,-30.96137767580384,-9.395789132407776,-13.288643873816094
2022-07-18,-18.03042292918037,-30.109009694407764,-11.53353138281669,-16.31209353401664
2022-07-19,-19.465452359877062,-32.505365853679024,-12.88941817272295,-18.229750095947026
2022-07-20,-18.0495590207519,-30.14096506056325,-13.372152862449235,-18.912490979858905
2022-07-21,-16.606320928657123,-27.730901254689147,-12.905480156708029,-18.252466866414814
2022-07-22,-15.756564722652692,-26.311893062537237,-9.547547730600234,-13.503278955313752
2022-07-25,-16.0127696242344,-26.739729719268897,-9.733537763621213,-13.766328208342454
2022-07-26,-14.732958905325265,-24.602573342294562,-7.35255004062502,-10.398851834304613
2022-07-27,-13.611638292715583,-22.730079650481926,-6.923162784346802,-9.791561243570165
2022-07-28,-17.71039319039879,-29.574591919221866,-9.830934080089627,-13.904077677379183
2022-07-29,-16.421428722877746,-27.422149694168496,-9.882846016610507,-13.977497719858293
2022-08-01,-15.152307725108262,-25.302844086346305,-8.170877998015449,-11.556228680943365
2022-08-02,-14.758915917620815,-24.64591896640523,-9.224845842058974,-13.046875516092058
2022-08-03,-14.08055672922063,-23.513126715216462,-10.027056111947894,-14.181456809716721
2022-08-04,-13.925857619788895,-23.254794617079256,-7.679234361171287,-10.860887703109434
2022-08-05,-13.81464841917917,-23.06908633322938,-8.641427651012775,-12.221736034877221
2022-08-08,-13.969433720053129,-23.327562362486766,-9.881779054900948,-13.975988695551177
2022-08-09,-13.3607049771778,-22.31104601716934,-9.641227934626148,-13.635772655606894
2022-08-10,-12.455348395083929,-20.799190737111335,-9.235579320488016,-13.0620560794658
2022-08-11,-11.710416428243748,-19.555228579409203,-8.456808413052897,-11.960625523462902
2022-08-12,-13.827857922731377,-23.091144887932945,-9.276361015276915,-13.119734408660218
2022-08-15,-13.064928110298533,-21.8171281214423,-8.880331234490383,-12.559621932088591
2022-08-16,-12.229805983225026,-20.422557382928083,-8.26437070481284,-11.688457200328118
2022-08-17,-11.43972756119965,-19.103205143574606,-8.167887479882348,-11.551999134078386
2022-08-18,-10.55403367413856,-17.624184604980268,-7.513819431554237,-10.626938211468381
2022-08-19,-9.742205993166463,-16.268513270337394,-4.996648238319095,-7.066854956624343
2022-08-22,-9.046818305844795,-15.107285122712813,-4.440791828019996,-6.280696627893349
2022-08-23,-8.361736553766168,-13.96326686003444,-3.859342102305756,-5.458341184762567
2022-08-24,-7.838026137989027,-13.088722649528053,-3.499387852577529,-4.949251020211451
2022-08-25,-7.498050491273835,-12.520997195554159,-3.9498501717211525,-5.586348474540857
2022-08-26,-6.980764462962241,-11.657181071972886,-4.148574521922394,-5.867408115372014
2022-08-29,-8.105398089631619,-13.535207167148045,-4.761791186756757,-6.734692146722436
2022-08-30,-7.550870562565872,-12.60920145148525,-5.118892473011866,-7.239747310589203
2022-08-31,-7.06104436812842,-11.791240514305917,-5.012507279646449,-7.08928470141847
2022-09-01,-6.559299561566905,-10.953376682480307,-4.465900491609644,-6.316208289967526
2022-09-02,-6.100260834493838,-10.186827748057732,-4.225805463862288,-5.976637310388615
2022-09-05,-6.03174191540056,-10.0724079805718,-3.3627030894368355,-4.755935151287929
2022-09-06,-5.637775089945132,-9.414522637920452,-3.2520129058779674,-4.599383912332635
2022-09-07,-5.267293572256277,-8.795855419103322,-2.9136342063622185,-4.120808460182453
2022-09-08,-5.023300865063468,-8.388411910146928,-3.0412609527406897,-4.301313403141165
2022-09-09,-5.106090881549992,-8.526662988271042,-3.513896958014113,-4.969771524913859
2022-09-12,-4.831468297966506,-8.068070637781215,-3.168659494687056,-4.481495592216628
2022-09-13,-5.846980665658893,-9.763875103585335,-3.733469584681556,-5.280317281007717
2022-09-14,-5.601583405418514,-9.354086130992744,-4.1488274419884394,-5.867765825048004
2022-09-15,-6.520215657319704,-10.888110456807375,-4.891990283556472,-6.918835213971173
2022-09-16,-6.070049050540791,-10.136377079235345,-4.562629867843686,-6.453014492703279
2022-09-19,-6.141260367605149,-10.255292883055581,-4.941040584023184,-6.988207989969048
2022-09-20,-5.932152024815971,-9.906102786686217,-4.48165293166446,-6.338487266547585
2022-09-21,-5.572799596446503,-9.30602003810162,-4.360956196023757,-6.16778357002365
2022-09-22,-5.433506253906515,-9.07341403560373,-3.6574967188166863,-5.172867406992426
2022-09-23,-5.089147404204429,-8.498369069395244,-3.6789196920710947,-5.203166326889873
2022-09-26,-4.826806822208893,-8.060286437747335,-3.165690148037505,-4.47729598858486
2022-09-27,-4.632112564028975,-7.735166426419282,-2.9780154876227356,-4.211864134884655
2022-09-28,-4.383060976630544,-7.319275091599224,-2.8450410721933888,-4.023795881535439
2022-09-29,-4.355354876742112,-7.273008665491994,-2.7449967237118678,-3.8823012502890486
2022-09-30,-4.231437759640545,-7.06607942734995,-3.0031953202371455,-4.2474764526687006
2022-10-03,-4.039270532516148,-6.7451793060848,-3.0003192163897783,-4.243408724111453
2022-10-04,-4.324516066950549,-7.22151092599774,-3.2664711279527547,-4.619832451725426
2022-10-05,-4.234850897808494,-7.071779027996634,-3.477727153812412,-4.918615880587591
2022-10-06,-4.0387892498336315,-6.744375611961232,-3.257885504940219,-4.60768964125569
2022-10-07,-3.863422803109699,-6.451531119892251,-3.136096709168281,-4.4354414232479
2022-10-10,-3.9561852785564433,-6.606435210798689,-3.3395687835152903,-4.72321586094126
2022-10-11,-3.7826943568514673,-6.31672265862927,-2.9138149470430705,-4.121064085176534
2022-10-12,-3.632662447519817,-6.066184319607484,-2.7331446121248084,-3.8655385826925692
2022-10-13,-3.6493661590820463,-6.094077853515988,-2.8397507715181254,-4.01631370833335
2022-10-14,-3.6425790456934815,-6.082744050442371,-2.9847469642640823,-4.221384590758151
2022-10-17,-3.6104188309611716,-6.029039696365228,-2.7929741163316626,-3.9501565922442725
2022-10-18,-3.627363949238223,-6.057336355433104,-2.9925561262381715,-4.232429237563674
2022-10-19,-3.798025362674869,-6.342323910733832,-3.2457063562956163,-4.59046443890774
2022-10-20,-3.6366600774145135,-6.0728599631975895,-3.0793602761238077,-4.355198003267549
2022-10-21,-4.083609141166759,-6.8192203645192775,-3.3368569215107287,-4.719380422756589
2022-10-24,-4.107745261569101,-6.859525280606598,-3.488363361947155,-4.933658872727856
2022-10-25,-3.8995793519264095,-6.511908953685424,-3.2906902496293315,-4.654086017696438
2022-10-26,-3.753039727890853,-6.267202383127901,-2.9902213719236617,-4.229127149981551
2022-10-27,-3.73193507856543,-6.231959721675527,-3.1425257012428105,-4.444534069426105
2022-10-28,-3.723054000106952,-6.217129205583175,-2.8485338873910284,-4.028735836724344
2022-10-31,-3.5719444466060595,-5.964791308177968,-2.596013380292402,-3.671591264578207
2022-11-01,-4.936740894757897,-8.243865384792818,-3.457892978924934,-4.890564028540212
2022-11-02,-4.63563647914542,-7.741051013531856,-3.526637649702651,-4.987790928305012
2022-11-03,-4.391146258600984,-7.332776706851744,-3.3055174648947303,-4.675056431200364
2022-11-04,-4.1528563567061205,-6.934856314500855,-3.0351895004393277,-4.2927264322872345
2022-11-07,-3.9490131968821727,-6.594458549047166,-2.9848509184679104,-4.221531615172427
2022-11-08,-4.233198906395353,-7.069020366945326,-2.4289831755042597,-3.435357258437693
2022-11-09,-4.413375435176189,-7.369897216760491,-2.9085314509087996,-4.113591535766624
2022-11-10,-4.482036557008648,-7.484554448651412,-3.287983412842185,-4.6502576867726555
2022-11-11,-4.277337579593303,-7.142727553095939,-3.498521153578123,-4.948025231277003
2022-11-14,-4.1529070025937065,-6.934940888086638,-3.6682651741980354,-5.188097438937295
2022-11-15,-4.157607258681672,-6.942789847408037,-3.50680539702899,-4.9597417948813165
2022-11-16,-4.333277420316158,-7.236141513114713,-3.5155688399161207,-4.972136099393103
2022-11-17,-4.121337008026429,-6.882222142874056,-3.2211588309847783,-4.555746405409725
2022-11-18,-3.929617880872668,-6.562070303910044,-3.111049115072771,-4.400016132924697
2022-11-21,-3.7412132849662045,-6.247453401860672,-2.895843161953549,-4.0956462465611825
2022-11-22,-3.773236266598681,-6.300928590335351,-2.777810248373151,-3.9287100444119893
2022-11-23,-3.8257028877083923,-6.388542619680636,-2.6226536907511258,-3.7092691640483877
2022-11-24,-3.678643419142819,-6.14296796055662,-2.7092508759029497,-3.8317452155796348
2022-11-25,-3.825612685188033,-6.3883919904596445,-3.0054618722973987,-4.250682080501097
2022-11-28,-4.10867765516505,-6.861082285005758,-3.501673857545695,-4.952484160662736
2022-11-29,-3.9655853850173512,-6.622132451937825,-3.4258079068789606,-4.845185498852476
2022-11-30,-3.863200770081479,-6.45116034685906,-3.3025458579594265,-4.670853630803322
2022-12-01,-3.9121728299076,-6.532938807067748,-3.4417188155226177,-4.8676886005818565
2022-12-02,-3.750054861620278,-6.262217953875728,-3.1845699947787605,-4.503998116123186
2022-12-05,-4.30939648213554,-7.196262725910666,-3.2196584734218785,-4.553624421076553
2022-12-06,-4.126888053964815,-6.891491836470786,-3.3055016627455283,-4.675034081919189
2022-12-07,-3.987290747983549,-6.658378245313654,-3.292245378242279,-4.656285465770912
2022-12-08,-3.7914148882329113,-6.331285077100294,-2.9447650000406083,-4.164837335764014
2022-12-09,-3.7998696402709062,-6.345403670550691,-3.0823640210076695,-4.359446256978539
2022-12-12,-3.6247262387312844,-6.052931641714719,-2.5013933176316714,-3.53776830428212
2022-12-13,-3.5286033397001813,-5.8924159782635765,-2.458549108095601,-3.4771729211209297
2022-12-14,-4.971993068426641,-8.302733002203132,-3.187987992182846,-4.508832255078887
2022-12-15,-4.7770017636551545,-7.977116952665643,-3.59808936196678,-5.088846448503673
2022-12-16,-6.415436761293607,-10.71314014088021,-4.462520395566235,-6.311427755629518
2022-12-19,-6.146336726452351,-10.263769896509068,-5.033975008206064,-7.119646919598154
2022-12-20,-6.578842730305004,-10.986011826941759,-5.753587536881193,-8.137408651576225
2022-12-21,-6.20151301526177,-10.355908800914666,-5.132456784553157,-7.258931575255594
2022-12-22,-5.783407876108244,-9.65771487959063,-4.976725040447427,-7.038677197671559
2022-12-23,-5.476753625287013,-9.145632836530783,-3.8743571697091017,-5.479577281130055
2022-12-26,-5.607484824889473,-9.36394091347676,-4.047646934768974,-5.724664302816735
2022-12-27,-5.829266706663364,-9.734294557126852,-3.798601564968936,-5.37243468366952
2022-12-28,-5.46035037867821,-9.118241049155406,-3.715559565340484,-5.2549867988691
2022-12-29,-6.849231804125036,-11.437534637964326,-4.789999209836124,-6.774587292069321
2022-12-30,-6.93789004074705,-11.585585058990288,-5.412784892213508,-7.65540496754048
2023-01-02,-6.496585838131367,-10.848651013298298,-5.121275989402342,-7.243118363305913
2023-01-03,-8.313298019095798,-13.882379333674049,-5.793994176952267,-8.19455653372589
2023-01-04,-8.048015491197363,-13.439383945511286,-6.4953550523598915,-9.186504604183646
2023-01-05,-7.466138786559406,-12.467707828444702,-5.409520597053283,-7.650788212601436
2023-01-06,-7.098966652019194,-11.85456694973043,-5.083779762791394,-7.190086734453563
2023-01-09,-6.854766883314623,-11.44677766868153,-5.388147592025593,-7.620559963720603
2023-01-10,-6.4923688326053455,-10.84160903426303,-4.291328601019342,-6.06930793367581
2023-01-11,-9.427425206325474,-15.742860721873324,-5.550351973638478,-7.84996871605111
2023-01-12,-8.71202936080558,-14.548220943721615,-5.891586753145795,-8.332583576637157
2023-01-13,-9.133542921904336,-15.252106590070328,-6.4867233106328746,-9.174296567135917
2023-01-16,-9.786621628379232,-16.34268295545555,-7.467818467862003,-10.561878170662442
2023-01-17,-9.109076556529379,-15.21125019778519,-7.583215229802193,-10.725086013240086
2023-01-18,-8.42648855513818,-14.071396250271144,-5.617335973575384,-7.944705465446118
2023-01-19,-8.322492267672686,-13.897732812659074,-6.211048251527229,-8.78440407021806
2023-01-20,-7.8407712673091785,-13.093306741961019,-5.46095227947812,-7.723529022547616
2023-01-23,-7.46400803919562,-12.464149692660282,-4.5081599816052105,-6.375976693124128
2023-01-24,-6.925993990919067,-11.5657198411303,-4.32503314376429,-6.116976911678155
2023-01-25,-8.683908006207076,-14.501261083625606,-5.507092866333998,-7.788786535058387
2023-01-26,-9.301204065524896,-15.53208399373273,-5.991116588562919,-8.4733505222379
2023-01-27,-8.629595024879466,-14.410563816692468,-6.010031935420752,-8.500102858268566
2023-01-30,-8.030753198825204,-13.410557637308619,-5.696776810098115,-8.057060156543585
2023-01-31,-7.452374432218076,-12.444722728210053,-5.710272342391798,-8.07614714540754
2023-02-01,-7.25461382676811,-12.114482222479682,-4.764805554835678,-6.738955425020925
2023-02-02,-7.435396402531135,-12.416371110367038,-4.35591260120745,-6.160650317625875
2023-02-03,-7.648811509432236,-12.772753073666355,-5.103842128745893,-7.218461321481698
2023-02-06,-8.312489359648985,-13.881028952974761,-6.153132607086051,-8.702492869055956
2023-02-07,-7.78498990958224,-13.000157432753776,-6.51432392358904,-9.213332640754091
2023-02-08,-9.677989283322598,-16.161277763614876,-7.567741054565645,-10.703200591902748
2023-02-09,-8.952023187007136,-14.948986719881317,-7.131343181929827,-10.085994752667162
2023-02-10,-9.987581214579096,-16.678265440283653,-7.4714259581588784,-10.56698031303259
2023-02-13,-9.520843679296668,-15.898860263280328,-7.080063601134777,-10.013469062958608
2023-02-14,-11.623334236337643,-19.409809996017692,-8.523923273211356,-12.055547350966513
2023-02-15,-10.970615540511771,-18.31983481254396,-7.477755697545174,-10.575932584239744
2023-02-16,-10.119428902237352,-16.89843794103309,-7.448227440731393,-10.534170207127692
2023-02-17,-9.343741254489036,-15.603116860788852,-5.846929828434837,-8.269424435811308
2023-02-20,-8.636732989527882,-14.422483506410321,-5.166343232540722,-7.306857825313948
2023-02-21,-8.043972359160136,-13.432632317877106,-3.3958108194672025,-4.802760045678812
2023-02-22,-8.332053847106312,-13.91369969757307,-3.649693296768985,-5.16183087827433
2023-02-23,-7.735543654880997,-12.917587114353621,-3.941012672855758,-5.57384943124577
2023-02-24,-7.289688410122213,-12.173053281760097,-4.159423911378679,-5.8827526139235635
2023-02-27,-8.62349688277491,-14.40038052701229,-5.353382949036783,-7.571391665713018
2023-02-28,-8.242780093657338,-13.76462142477775,-5.839323893600439,-8.25866721702772
2023-03-01,-7.738020227175067,-12.921722743312737,-5.261217434428244,-7.441040219568333
2023-03-02,-7.833242982749583,-13.080735256883969,-5.885772092921849,-8.32435979171879
2023-03-03,-7.299600061917071,-12.18960475263525,-5.823791307471813,-8.236699184051037
2023-03-06,-7.002925650450252,-11.694188046880626,-4.840335108719312,-6.845778314441243
2023-03-07,-6.810693624826284,-11.373179718577878,-4.786201445395862,-6.769216041347098
2023-03-08,-7.095038411579302,-11.848007179615706,-5.248585768207385,-7.423175012976698
2023-03-09,-6.959043346169032,-11.6209089712757,-5.097493644073409,-7.209482538458562
2023-03-10,-6.488715519869612,-10.835508366019752,-4.984601941974809,-7.049817649820007
2023-03-13,-6.140652670559608,-10.254278089542012,-4.7713769011545555,-6.748249405523517
2023-03-14,-5.9820844404965765,-9.989484945479587,-4.595091496287197,-6.498925593290037
2023-03-15,-6.20303213288672,-10.358445575979577,-4.35911810375188,-6.165183921046434
2023-03-16,-5.971444350480486,-9.97171705535842,-4.115793581602368,-5.821045405904734
2023-03-17,-5.583330951550501,-9.323606351754217,-4.083863563274029,-5.775886171648805
2023-03-20,-6.470550833038359,-10.805175148987281,-4.769012500411111,-6.744905388431196
2023-03-21,-6.413188959124628,-10.709386535234755,-5.011278964607353,-7.087547472018216
2023-03-22,-7.349637334473985,-12.273162011963848,-5.402500442656242,-7.640859474269101
2023-03-23,-6.830677985450848,-11.406551609528242,-5.276692288703505,-7.462926601283081
2023-03-24,-6.463774937421696,-10.793860078474973,-5.407863297420213,-7.648444262103429
2023-03-27,-6.033929137033763,-10.076060422758905,-4.450264494654477,-6.294094001085433
2023-03-28,-5.6490983370129975,-9.433431332246572,-3.974444673396209,-5.621132947607256
2023-03-29,-8.84232960684296,-14.76580937115522,-4.407219360977566,-6.233214447077532
2023-03-30,-8.529995019616445,-14.244241732301756,-5.223509273706713,-7.387708848258956
2023-03-31,-7.967357933904678,-13.304693861757212,-5.256590082177911,-7.434495666974951
2023-04-03,-7.3946683569779035,-12.348359332539468,-5.228412247951027,-7.394643218298239
2023-04-04,-7.310437280079049,-12.207701827117697,-5.685665909655529,-8.041345798013584
2023-04-05,-7.2081663296249,-12.036919530397592,-4.536994887788956,-6.416758451208614
2023-04-06,-8.288944092134061,-13.841710702335337,-5.076961516336511,-7.180443558376917
2023-04-07,-7.701981751120342,-12.861542079267009,-5.118858818399006,-7.239699712227989
2023-04-10,-7.177383154018999,-11.98551469444986,-5.175752858934084,-7.320166039489994
2023-04-11,-6.683246996285742,-11.160356548022268,-4.6291490889074325,-6.547093896468404
2023-04-12,-6.2298265821504275,-10.40318963638271,-4.037963752972689,-5.710969194013962
2023-04-13,-5.810760906376452,-9.703391714612845,-2.7943284698395643,-3.9520720802562037
2023-04-14,-6.190758872653111,-10.3379504543284,-3.319580415208987,-4.694945930199097
2023-04-17,-6.137854697565629,-10.249605753439232,-3.7881201524006074,-5.357610621852865
2023-04-18,-5.735149798858241,-9.577128699141014,-3.8633279417338717,-5.463978433529225
2023-04-19,-5.458884497827281,-9.115793174198464,-3.9329910415598826,-5.562504285023801
2023-04-20,-5.1310901905374235,-8.568409343285149,-3.9710047205620342,-5.616267756667796
2023-04-21,-4.848409205753372,-8.096360265750025,-3.197992539510067,-4.52298187728482
2023-04-24,-5.043532806970105,-8.42219723716872,-3.168878223072134,-4.481804943945732
2023-04-25,-5.003813432245082,-8.355869839117727,-3.561565414481503,-5.037189932573177
2023-04-26,-5.96035377767502,-9.953196903866251,-4.213835239161716,-5.95970759316169
2023-04-27,-5.791471065571017,-9.671179602556698,-4.668735061619691,-6.603081093111354
2023-04-28,-5.616331789988408,-9.378714463657818,-4.807753245710151,-6.7996971638137955
2023-05-01,-5.467774445872558,-9.13063850161698,-4.590564447423697,-6.492522901690785
2023-05-02,-5.3225691388526,-8.888160107520758,-4.553409704958037,-6.439974240381804
2023-05-03,-5.589497630061061,-9.333904090403278,-4.252809503267028,-6.014829638648339
2023-05-04,-5.90450503490156,-9.859935068345733,-4.542016838613304,-6.42386109209552
2023-05-05,-5.673576216976819,-9.474306952747769,-4.546460075940092,-6.43014524743899
2023-05-08,-5.413928664395604,-9.040721411881455,-4.3636358586196495,-6.171573467970164
2023-05-09,-5.2600802370827955,-8.783809868118722,-4.344241172024855,-6.144143192602069
2023-05-10,-4.9496767918715285,-8.265467044006805,-3.835322114995001,-5.424369258325304
2023-05-11,-4.672331099359743,-7.802327372944236,-3.202538572347009,-4.52941141827999
2023-05-12,-4.810219972007417,-8.032588050666924,-3.304169550203743,-4.67315004973007
2023-05-15,-4.7036069849149555,-7.854554985412442,-3.415390486810813,-4.830451942850024
2023-05-16,-5.414175416260925,-9.041133462909556,-3.7616990823583065,-5.320242798287491
2023-05-17,-5.724167127569783,-9.558788732430665,-4.382859140140701,-6.198761321871468
2023-05-18,-5.811601508417467,-9.704795436261607,-4.954347420626067,-7.0070281029165455
2023-05-19,-5.728691370658695,-9.56634376758203,-4.9811653691330084,-7.044957239268263
2023-05-22,-5.380299949725092,-8.984564809232594,-4.856458919205163,-6.868582527308934
2023-05-23,-5.129071602110891,-8.565038501750138,-4.282442605017889,-6.056740299955703
2023-05-24,-4.824854694671776,-8.057026579275316,-3.661572144737291,-5.178631359645029
2023-05-25,-4.813859734299501,-8.038666091019508,-3.429187781329663,-4.84996571978769
2023-05-26,-4.5396320089746185,-7.580733114476866,-2.9969567227786857,-4.238653085229385
2023-05-29,-4.290015092870603,-7.163897737049275,-2.8704360658444035,-4.059712505679566
2023-05-30,-4.070325119474644,-6.797037371947246,-2.6504444399945406,-3.7485741510460713
2023-05-31,-4.736867137753143,-7.910096126525763,-3.2240261432703727,-4.559801699893385
2023-06-01,-4.465477502714774,-7.456902477967044,-2.9112923924437712,-4.117496388067759
2023-06-02,-4.53583233923221,-7.574388044615827,-3.192762133999497,-4.515584414957161
2023-06-05,-4.504265120050393,-7.521673934020416,-3.514005101956486,-4.969924474955314
2023-06-06,-4.2928964202296065,-7.168709266636004,-3.6109735654112836,-5.107068823309984
2023-06-07,-4.084277062222542,-6.820335726129078,-2.9231307457143982,-4.134239597014752
2023-06-08,-4.256919402220147,-7.1086312314020335,-3.32899620196007,-4.708262857086629
2023-06-09,-4.051363013055811,-6.765372543660437,-3.0304958589037683,-4.286088125492729
2023-06-12,-3.855809857275402,-6.438818258922313,-2.687864669844236,-3.8014982962287034
2023-06-13,-5.169264878667325,-8.632157268638801,-3.427841139900857,-4.848061139116396
2023-06-14,-4.988943190455485,-8.331038017037917,-3.793229481294173,-5.364836843210538
2023-06-15,-4.852564672328005,-8.103299480868376,-3.6073124869979267,-5.101890890244053
2023-06-16,-4.692231902148825,-7.83555973063526,-3.790059278594141,-5.360353165033553
2023-06-19,-4.438907911665683,-7.412533908376873,-3.8410155677498232,-5.432421617207035
2023-06-20,-5.0240362039792075,-8.389639852865168,-3.4787787982017497,-4.9201032413164105
2023-06-21,-7.691723641455828,-12.844412058271478,-4.8386971445078935,-6.843461710399063
2023-06-22,-7.277369916413277,-12.152482624712304,-5.166037080216934,-7.306424828239978
2023-06-23,-7.043728156437455,-11.7623241662135,-5.435560728106887,-7.687617266885478
2023-06-26,-6.571564363010774,-10.973857678795474,-5.577024852962943,-7.887692678289633
2023-06-27,-6.832334748671291,-11.40931823902227,-5.5357644690507355,-7.829337329933092
2023-06-28,-6.512604547231026,-10.875400661349703,-4.292590320687697,-6.071092407880699
2023-06-29,-6.203000109680695,-10.35839210041639,-4.272198468964574,-6.042251822842283
2023-06-30,-6.12491087366528,-10.227990857281274,-4.199772034266426,-5.939817734104145
2023-07-03,-5.91787633645472,-9.882263809588922,-4.5001029746938475,-6.364581514494088
2023-07-04,-5.529939831666098,-9.234448501574612,-3.762518152973111,-5.321401225488682
2023-07-05,-5.183758301186191,-8.656359840083727,-3.3882143680582404,-4.792016239484794
2023-07-06,-5.152861169294873,-8.604764708494244,-3.447579025378923,-4.8759768072145135
2023-07-07,-5.739313958407763,-9.584082430661239,-3.77233557638814,-5.335286194774636
2023-07-10,-5.624744567601179,-9.392762964000529,-3.8934521928387706,-5.506583736740817
2023-07-11,-6.807336317110577,-11.367573349223353,-4.962714382437534,-7.018861656676805
2023-07-12,-6.668615470581912,-11.135923358019408,-5.655372139660637,-7.998500741000873
2023-07-13,-6.969545928745597,-11.63844723767445,-5.958670360066342,-8.427461202089972
2023-07-14,-8.184504877737613,-13.667307620882944,-6.3859216827025485,-9.031730901113594
2023-07-17,-8.358411781821264,-13.957714822175205,-7.026302768320038,-9.93743409116782
2023-07-18,-8.401207029849893,-14.02917862215536,-6.878301547738931,-9.728113140529539
2023-07-19,-10.953310781773748,-18.290937589741752,-8.253429490113225,-11.672982831582585
2023-07-20,-10.310377453504056,-17.217302995047863,-8.224969719483184,-11.632731634870575
2023-07-21,-9.730136035360562,-16.248357643482915,-7.355418526137594,-10.402908788105579
2023-07-24,-9.210332730964579,-15.380337919668522,-6.9038156267753426,-9.764198189406788
2023-07-25,-8.763152097742488,-14.633590820406365,-6.526038477863904,-9.229900758418866
2023-07-26,-8.190373157653015,-13.677107063611286,-4.879914029786378,-6.901755537807827
2023-07-27,-7.893978947134981,-13.182158265521197,-4.868185961177901,-6.885168306563122
2023-07-28,-7.574388050628949,-12.648473313208102,-4.8969519154870795,-6.92585254469557
2023-07-31,-7.700518007670256,-12.859097773556496,-5.226767637906521,-7.392317214927499
2023-08-01,-7.24306574053167,-12.095198069145592,-5.091059043691799,-7.200381960344628
2023-08-02,-6.763654787286329,-11.29462954695589,-4.963670542427308,-7.02021397199715
2023-08-03,-6.2939327683349555,-10.510240579606991,-4.417672221553764,-6.247998127266847
2023-08-04,-6.010508273043892,-10.03694991361044,-4.194826214230446,-5.932822766444064
2023-08-07,-5.61503728043663,-9.376552761694581,-3.4021529039416225,-4.811729776779687
2023-08-08,-7.021035273789214,-11.724429313367638,-4.111087515911601,-5.814389527390423
2023-08-09,-6.724683087755685,-11.229550691979245,-4.527016785701985,-6.402646231010633
2023-08-10,-6.268421013107553,-10.467638490433583,-4.559118834154364,-6.448048770753916
2023-08-11,-5.852897988465965,-9.773756443056008,-4.2277116556261625,-5.979333273776932
2023-08-14,-5.532896045373058,-9.239385083900562,-4.296583183710965,-6.076739590252015
2023-08-15,-5.193919036341322,-8.673327255351232,-3.0889169069946414,-4.3687141286814315
2023-08-16,-5.196215093327519,-8.677161441733206,-3.007174422439873,-4.253104172848922
2023-08-17,-5.025980652969839,-8.392886888929667,-3.239327406383831,-4.58144256831528
2023-08-18,-4.933945765239318,-8.239197797010624,-3.4240404186039535,-4.8426857064554
2023-08-21,-4.732759571571619,-7.903236900290987,-3.4518254828417025,-4.8819826530410815
2023-08-22,-4.978473409723693,-8.313554526451476,-3.889765803313004,-5.501370005685581
2023-08-23,-4.717185155969761,-7.877229178110375,-3.623838007293595,-5.125263248961769
2023-08-24,-4.568159419062738,-7.62837104678013,-3.535228963314455,-4.999941787097889
2023-08-25,-4.322993241687627,-7.218967959546853,-3.253858767404543,-4.601994549515034
2023-08-28,-4.268943450124681,-7.128710193295807,-3.265114356909713,-4.617913544547411
2023-08-29,-4.0587389658067785,-6.77768964979581,-2.781181241526374,-3.9334777043586926
2023-08-30,-3.9285325858840254,-6.560257969420571,-2.7343015751142135,-3.8671748975273035
2023-08-31,-4.009593182761872,-6.695621089121974,-2.80585697088065,-3.968377059281914
2023-09-01,-3.8896043821401154,-6.49525174807374,-2.9525771686259565,-4.175886234877218
2023-09-04,-4.376117292400483,-7.307679830821429,-3.2346942081944365,-4.574889747698721
2023-09-05,-4.254822853341888,-7.105130203680817,-3.469339743882641,-4.906753406663395
2023-09-06,-4.4851276000850335,-7.489716182589562,-3.7878106381634615,-5.357172869960678
2023-09-07,-4.240023683036563,-7.080417063897997,-3.4235468115625745,-4.841987588597064
2023-09-08,-4.096684888020725,-6.841055558864637,-3.3778989030040747,-4.777426880404268
2023-09-11,-5.354062060672467,-8.940750148924888,-3.6282009202118455,-5.131433799961379
2023-09-12,-5.126097346661717,-8.560071791512415,-3.791809819024811,-5.362828987770959
2023-09-13,-4.913225562506414,-8.204597123060516,-3.5382409774551045,-5.00420173617656
2023-09-14,-5.735550766983352,-9.577798275956464,-4.402362268038116,-6.226344967843292
2023-09-15,-5.504644883175659,-9.192208458048755,-4.640287360353754,-6.562846966331321
2023-09-18,-5.21184083738464,-8.703254877319612,-3.8979052943666854,-5.512881843212183
2023-09-19,-6.969123049754939,-11.637741071896793,-4.875109757123741,-6.894960763299075
2023-09-20,-7.215122665061471,-12.04853591742966,-5.607525922152691,-7.930830922509608
2023-09-21,-8.195576012539675,-13.685795312846281,-5.948764521629375,-8.41345118575123
2023-09-22,-8.207578934060376,-13.705838995784138,-6.586686720730383,-9.315676725681216
2023-09-25,-8.06818257650237,-13.473060968470836,-7.145955798790618,-10.106661655552179
2023-09-26,-7.702411450529506,-12.86225963446397,-6.313884852109702,-8.929847836896565
2023-09-27,-8.366825120857355,-13.971764260038919,-6.632718757185386,-9.380780713288514
2023-09-28,-8.866863005774148,-14.806777702799868,-6.541134806124782,-9.251251783567898
2023-09-29,-8.216530674137243,-13.720787509738296,-6.03209188838219,-8.53130267072142
2023-10-02,-7.642852032514273,-12.762801341030835,-5.483456765747965,-7.755357546941769
2023-10-03,-7.091079177971174,-11.841395653998267,-5.033495955834824,-7.1189693866875485
2023-10-04,-7.055138062371112,-11.78137757221058,-4.386559677595104,-6.203995062612165
2023-10-05,-7.393914308496888,-12.347100146711487,-4.167146541376798,-5.8936748769041465
2023-10-06,-6.904517934223914,-11.529856966378453,-4.355416515183078,-6.159948693694584
2023-10-09,-6.458759428133505,-10.785484677721831,-4.3576634833579515,-6.1631266236641595
2023-10-10,-6.256194542250363,-10.447221502378811,-4.764516432478812,-6.738546513754165
2023-10-11,-5.8768369532390565,-9.81373212888757,-4.254649030895423,-6.017431317677669
2023-10-12,-5.99200633933151,-10.006053527890623,-3.9577540491627587,-5.597527079239585
2023-10-13,-5.596120380981439,-9.344963424532517,-3.906745415786558,-5.525384595636116
2023-10-16,-6.404415673477604,-10.694736022396782,-4.523801362254735,-6.39809859626789
2023-10-17,-5.985930612029146,-9.995907668696638,-4.316074004540234,-6.104305830102499
2023-10-18,-7.133829857771119,-11.912785029477414,-5.228114293014652,-7.394221814945722
2023-10-19,-6.978476368679959,-11.653360182513024,-5.207676394034873,-7.365316104393478
2023-10-20,-7.418911881130901,-12.3888436021884,-6.088869445491242,-8.611604253251093
2023-10-23,-6.89615105970473,-11.51588511962813,-5.306431366735295,-7.504987146866951
2023-10-24,-7.5123813792962375,-12.544928350585339,-6.12040090904957,-8.656199803890004
2023-10-25,-7.20489070044553,-12.031449556060089,-5.472774299946937,-7.740249131701325
2023-10-26,-6.689131004560139,-11.170182255542919,-4.9449696157458725,-6.993764894513836
2023-10-27,-6.486995566513216,-10.83263621529511,-4.272291685826282,-6.042383661228692
2023-10-30,-9.704670319713594,-16.205832435821332,-5.93348318742796,-8.39183850316995
2023-10-31,-9.12154642771266,-15.232073640131507,-5.610519187149536,-7.935064354316398
2023-11-01,-8.463857878993213,-14.13379929753432,-5.3421598366000556,-7.555518603618313
2023-11-02,-7.843627765306201,-13.098076808987303,-5.465422803264338,-7.729851769651378
2023-11-03,-8.50291682963187,-14.199023853167422,-5.9751952862213455,-8.45083272050321
2023-11-06,-7.880854920806345,-13.160242449263828,-4.214691317630656,-5.960918361277224
2023-11-07,-8.212298586021738,-13.713720344281457,-4.64402409163593,-6.568131896693339
2023-11-08,-8.094092854082948,-13.516328550264268,-5.28770358762138,-7.478500091475944
2023-11-09,-7.510630679587518,-12.542004856515963,-5.40139493775929,-7.63929593759652
2023-11-10,-6.989672740191577,-11.672057007302415,-4.383005322301979,-6.19896807009182
2023-11-13,-8.091465440233243,-13.511941030937475,-5.396138487751365,-7.631861640039235
2023-11-14,-7.6663601612523475,-12.802057573613519,-5.0302199129406375,-7.114336016704177
2023-11-15,-9.840293548055175,-16.432309713307422,-5.890079902595358,-8.330452409147803
2023-11-16,-9.364672883520406,-15.63807059559034,-6.650699336463907,-9.40621098969319
2023-11-17,-8.66582549128102,-14.471065085486991,-6.607076763195451,-9.34451475185144
2023-11-20,-8.639083071569505,-14.426407909251663,-6.062885061926311,-8.574854043704136
2023-11-21,-7.995201438132312,-13.351189739419592,-5.719558101547803,-8.089280171785981
2023-11-22,-7.439212806230531,-12.42274412426883,-4.089910711102879,-5.78443876822345
2023-11-23,-6.917510517679145,-11.55155328613454,-3.5277593785429673,-4.989377410810301
2023-11-24,-6.810349029056419,-11.372604277978606,-3.9539760991807005,-5.59218385248373
2023-11-27,-6.526177758830252,-10.89806657225099,-3.596322473768858,-5.08634750480707
2023-11-28,-6.133786069678277,-10.242811550275812,-3.8175059932298763,-5.399171577320236
2023-11-29,-6.755052673929142,-11.2802648747859,-4.359311085998959,-6.165456859521242
2023-11-30,-6.3591181119915285,-10.619093608279584,-4.604005681239107,-6.5115330951807175
2023-12-01,-5.9785604339302445,-9.983600205654813,-4.2019513399256185,-5.94289996768656
2023-12-04,-5.582111802741719,-9.321570494722646,-3.8297238359984194,-5.416451505506092
2023-12-05,-6.784616606174933,-11.329633695810765,-4.601988551201689,-6.508680229675044
2023-12-06,-6.84214749697929,-11.425704550929362,-4.499880440318757,-6.364266779880679
2023-12-07,-7.644931184870629,-12.766273318293905,-5.301001679687475,-7.497307836858185
2023-12-08,-7.102673029984975,-11.86075623162033,-5.346399651019425,-7.561515054061815
2023-12-11,-6.704966054489317,-11.196625211079889,-5.614460519216415,-7.940638655472706
2023-12-12,-6.7005298964082876,-11.189217269114675,-5.0322609651100265,-7.117222715737613
2023-12-13,-6.6859454668407485,-11.16486272496664,-4.941707769701693,-6.989151603406353
2023-12-14,-6.623136578680214,-11.059978140176344,-4.448971505030823,-6.292265301186027
2023-12-15,-6.169397461060449,-10.302279025474185,-4.3342427652309015,-6.1300022550695195
2023-12-18,-5.811321278027254,-9.704327479432823,-4.163698939716486,-5.8887988680839145
2023-12-19,-5.500029346000324,-9.184500970869841,-3.754868059272282,-5.310581551977598
2023-12-20,-5.683830234185616,-9.491430139750035,-3.6402458497496206,-5.148469173665182
2023-12-21,-5.32269273584242,-8.888366502178238,-3.1913144913155116,-4.513536986283218
2023-12-22,-5.0041780153593045,-8.356478656590488,-3.2611484590350313,-4.612304499500328
2023-12-25,-4.707899929176473,-7.861723774569261,-3.0661060272246767,-4.336452266113022
2023-12-26,-4.749131377254754,-7.930576184453351,-3.186532165233703,-4.506773251242547
2023-12-27,-4.479377379560691,-7.480113887280548,-2.6087686965078576,-3.6896313517168657
2023-12-28,-4.247298219110597,-7.092564814288306,-2.637119596605445,-3.7297285707572034
2023-12-29,-4.075726501334084,-6.806057141445047,-2.6309156794142687,-3.7209542522817247
2024-01-01,-5.518809214515809,-9.215861480016708,-3.5521852251605064,-5.023923351810337
2024-01-02,-5.23574711039239,-8.743175971160543,-3.489729264835915,-4.935590695249536
2024-01-03,-5.675515976672153,-9.477546158156374,-4.213664685010912,-5.95946637517145
2024-01-04,-5.43633113902317,-9.078131312269786,-4.455213667450857,-6.30109371061853
2024-01-05,-6.511917971754357,-10.874254148715798,-5.242559006431344,-7.414651248785578
2024-01-08,-6.104976981549949,-10.194703243712517,-4.472148329731977,-6.325044726654101
2024-01-09,-5.712468614214849,-9.53925338079763,-4.343915793180305,-6.14368300309288
2024-01-10,-5.351150288965139,-8.93588778031001,-3.6004016383471726,-5.092116745114618
2024-01-11,-5.332105932903791,-8.904085603315766,-3.672904220005804,-5.194658529952113
2024-01-12,-6.017908856694958,-10.04930815089469,-3.4287565475301203,-4.849355817595578
2024-01-15,-7.256928163846019,-12.11834693479334,-4.518135846097788,-6.390085748649659
2024-01-16,-7.5054017911698825,-12.533273133878287,-5.4510949000160895,-7.709587542661891
2024-01-17,-7.022618803097175,-11.727073649525034,-5.764877492934566,-8.153376251873556
2024-01-18,-6.809494840519993,-11.3711778682363,-5.773057070274427,-8.164944784199685
2024-01-19,-6.342709512091438,-10.591692881441173,-5.003081128605587,-7.075953116118119
2024-01-22,-6.871706146087805,-11.4750645496414,-4.560375053755019,-6.449825466108097
2024-01-23,-6.400110495597648,-10.68754680431616,-3.9055007722512056,-5.523624272532004
2024-01-24,-6.00366568697687,-10.025523476691239,-3.8377091663145735,-5.4277453105596924
2024-01-25,-6.278199395216663,-10.483967414212865,-4.004844107600491,-5.664127447527741
2024-01-26,-6.180436987165575,-10.32071393406321,-4.542711803733456,-6.424843994527267
2024-01-29,-6.883409458400685,-11.494607915056026,-4.593593196132416,-6.49680651878843
2024-01-30,-6.594766908932992,-11.012603618524729,-5.09036510692884,-7.199400512338085
2024-01-31,-6.143623386579595,-10.259238889285669,-4.943799426767129,-6.992109873909984
2024-02-01,-5.90214043033668,-9.855986414337613,-4.484866291831734,-6.343031983154083
2024-02-02,-5.662906115632569,-9.45648894669898,-4.263355697314888,-6.029745322147748
2024-02-05,-6.439462465429948,-10.753260672805467,-4.207999459542055,-5.951453938678932
2024-02-06,-6.01477875391706,-10.044081191147026,-3.964791233251089,-5.607479902989297
2024-02-07,-5.633216573825731,-9.406910370223224,-3.9969693111466142,-5.652989972624924
2024-02-08,-5.275036534600223,-8.808785394689197,-3.634261955620547,-5.14000603800523
2024-02-09,-5.026172967267362,-8.393208034643843,-3.502600284692448,-4.9537944242557925
2024-02-12,-4.727521744465454,-7.894490250934143,-2.505519782324181,-3.543604442043822
2024-02-13,-4.645256800372768,-7.757115991388186,-2.6604351298904296,-3.7627041744224243
2024-02-14,-4.418233395273282,-7.378009526063105,-2.6484395128637543,-3.7457385443441207
2024-02-15,-4.183230331375253,-6.985577825658007,-2.6343682245637288,-3.725837252772998
2024-02-16,-4.841904792758145,-8.085498544164295,-3.0606105306593854,-4.328679880447825
2024-02-19,-5.045415683396176,-8.425341453185652,-3.672687774438623,-5.194352406855925
2024-02-20,-4.809411153763211,-8.031237404791813,-3.612730207199998,-5.109553275314507
2024-02-21,-4.705123606448432,-7.857087592253309,-3.7478648610565286,-5.30067679509604
2024-02-22,-4.807638589884934,-8.028277399737876,-4.209290946404989,-5.953280513195175
2024-02-23,-5.354782478603178,-8.941953175084896,-4.226808411510099,-5.97805579838659
2024-02-26,-6.051115584623899,-10.104760077732966,-4.523183696107173,-6.397225019248206
2024-02-27,-5.729769287427318,-9.568143781179254,-4.681361786491813,-6.620939311059173
2024-02-28,-5.46738948595965,-9.12999565692081,-4.575902756870481,-6.471786592946077
2024-02-29,-5.176330015960365,-8.643955343929882,-4.2664312111931135,-6.034095080117065
2024-03-01,-5.009666991708272,-8.365644700157661,-3.7996877382922993,-5.373970879328661
2024-03-04,-5.131050097462977,-8.5683423918458,-3.4278794612644212,-4.848115337752189
2024-03-05,-5.568207571548284,-9.298351814082666,-3.9287618879567074,-5.556522912376089
2024-03-06,-5.258490926302467,-8.78115587747855,-3.851222602053978,-5.446857620608591
2024-03-07,-5.302074117624012,-8.853935464245199,-4.154396102346067,-5.8756416876609165
2024-03-08,-6.254386200174347,-10.44420175129968,-4.813878059812842,-6.808359605281672
2024-03-11,-6.181080417098315,-10.321788397937883,-4.940015963951742,-6.986758850248748
2024-03-12,-5.885964971794879,-9.828975010336746,-4.541360020843677,-6.422932142189603
2024-03-13,-6.200562660337978,-10.35432180288772,-5.110132391592597,-7.227357760265559
2024-03-14,-5.816454348858068,-9.712899196248014,-4.839510642524955,-6.844612256168922
2024-03-15,-5.633290691350719,-9.407034139104693,-4.197831994008537,-5.937073898144797
2024-03-18,-6.343430020773175,-10.592896059146351,-4.55558807950766,-6.443055157078186
2024-03-19,-6.129770622692696,-10.23610615391927,-4.73855528343323,-6.701829165231316
2024-03-20,-5.721934997716552,-9.555061297990882,-4.034820983838763,-5.706524315653046
2024-03-21,-5.3615156568693365,-8.953196911878328,-3.926536292543414,-5.553375210311081
2024-03-22,-5.996792290592093,-10.014045589611406,-4.322471494147534,-6.113353921740125
2024-03-25,-5.652216127999908,-9.438637732530067,-3.7021425443775358,-5.236010850078468
2024-03-26,-6.161555883010203,-10.289184371485106,-3.995094826014037,-5.650338852530321
2024-03-27,-5.983491054185785,-9.99183385018199,-4.454051994195649,-6.299450733964983
2024-03-28,-5.598166492371256,-9.348380226673754,-4.539930583143086,-6.420910461171086
2024-03-29,-5.274748024101242,-8.808303610903819,-3.7745510296988356,-5.338419552670393
2024-04-01,-5.38665623204639,-8.99517916735298,-4.097053547835246,-5.7945410185238355
2024-04-02,-5.9048629963640265,-9.860532828319858,-4.090462882023653,-5.785219714094013
2024-04-03,-10.256354691978638,-17.12709036626615,-5.925834282605311,-8.381020511111965
2024-04-04,-9.466207631114134,-15.807623506890673,-6.282693134456287,-8.885732795374487
2024-04-05,-8.871522002903776,-14.81455776377199,-6.467026050579987,-9.1464383563519
2024-04-08,-9.166503267112045,-15.307147082314346,-6.92856504629627,-9.799201765738964
2024-04-09,-8.995488978997555,-15.021570261462953,-6.930756071258949,-9.802300574155945
2024-04-10,-9.366814192727032,-15.641646368599899,-5.622349011728955,-7.9517955009726595
2024-04-11,-8.790571927722171,-14.67937920429065,-6.119119209276987,-8.654387071442416
2024-04-12,-8.497129948733601,-14.189360338686885,-6.329384211864049,-8.951768877178031
2024-04-15,-8.965814609654814,-14.972017021490412,-6.377452883738269,-9.01975331712471
2024-04-16,-8.474823853734689,-14.152111382674894,-6.187507180263632,-8.75110948388565
2024-04-17,-9.253928947564562,-15.45313925735229,-6.218075934124799,-8.794343455828068
2024-04-18,-8.67625083248794,-14.488474366494962,-6.373342397720282,-9.013939778307313
2024-04-19,-8.851604775316286,-14.781297978304234,-6.654590665929952,-9.411714571216917
2024-04-22,-8.303688228513655,-13.86633194094591,-5.966247203429703,-8.43817727625091
2024-04-23,-8.87985239511882,-14.82846868870959,-6.547022821721972,-9.259579316390518
2024-04-24,-9.450434296324227,-15.781283609486835,-6.5566722123431065,-9.273226633689424
2024-04-25,-9.522656533281094,-15.901887548796923,-7.241468593603358,-10.241747223967241
2024-04-26,-8.948047346852464,-14.942347462985868,-6.79135572389532,-9.605144002643275
2024-04-29,-8.282015565681384,-13.830140753535414,-6.546926271329067,-9.25944276332732
2024-04-30,-7.767142245776452,-12.970353612584848,-5.639621021942788,-7.976223634627221
2024-05-01,-7.2874351064427705,-12.169290489140355,-4.677055134737227,-6.614848331296989
2024-05-02,-6.874356864643474,-11.479490985505011,-3.9360151348843475,-5.566781317922655
2024-05-03,-6.6646105498266435,-11.129235539418627,-3.818647707816812,-5.400786326048365
2024-05-06,-7.611546175211831,-12.710523678731217,-4.904907289873565,-6.937103982506179
2024-05-07,-7.113276497713955,-11.878462966171162,-4.968345659473201,-7.02682607925241
2024-05-08,-7.029861830472295,-11.739168783527765,-5.197175494200494,-7.350464481364565
2024-05-09,-6.555330682614292,-10.946749050098664,-5.040658655010904,-7.129099728821122
2024-05-10,-6.117764069989114,-10.216056407267821,-4.556475918952694,-6.444310845348317
2024-05-13,-5.736907124194673,-9.580063257348478,-3.4826362114713496,-4.925558854516268
2024-05-14,-6.075030108464546,-10.144694949642702,-3.939404274714784,-5.5715746430612425
2024-05-15,-5.916359025379153,-9.87973005128147,-3.747352678685135,-5.2999524057939835
2024-05-16,-5.626631196819818,-9.395913446807109,-3.9424603576347073,-5.575896919455423
2024-05-17,-7.358903489747742,-12.28863556796768,-5.064103347890514,-7.162258005365829
2024-05-20,-9.944063942371704,-16.605595931869292,-6.890338468389043,-9.745137187110682
2024-05-21,-9.456814012411789,-15.791937099661883,-6.936591062225266,-9.81055311323123
2024-05-22,-8.747070554793957,-14.606736246088271,-6.5888857555988976,-9.318786862660877
2024-05-23,-10.654010429985806,-17.79113582530625,-7.934874383116058,-11.222444264633506
2024-05-24,-9.87494042908036,-16.490166552315895,-6.966415264905027,-9.852734052229197
2024-05-27,-9.180383840415587,-15.330326256635539,-5.227266848497103,-7.393023257992407
2024-05-28,-10.356777249708221,-17.294786031314793,-6.040319752630362,-8.542939496143452
2024-05-29,-10.239324763158002,-17.098652082041223,-7.18162215855653,-10.157105268805465
2024-05-30,-10.884115090505686,-18.175387680159236,-6.741387618911029,-9.534473158201331
2024-05-31,-10.31141522366419,-17.21903596780922,-7.338876678741303,-10.379513337657874
2024-06-03,-10.370219912136637,-17.31723393810908,-8.15498424554228,-11.533749843513304
2024-06-04,-9.785043366882325,-16.34004741601772,-7.220382256152289,-10.211924414510621
2024-06-05,-14.748302629380271,-24.628195832578626,-9.004754443416772,-12.735596050894353
2024-06-06,-21.140644124022558,-35.3027691794224,-12.14786299655988,-17.180954458885857
2024-06-07,-21.159681222023412,-35.33455923617883,-14.306180208675602,-20.233503680069113
2024-06-10,-19.539514113798035,-32.62904160302501,-14.068741810422027,-19.897690022280848
2024-06-11,-18.00021375494552,-30.058563383554723,-13.861988830204428,-19.605275336803786
2024-06-12,-20.44743549595928,-34.145179843632306,-13.644395335892662,-19.29752870536919
2024-06-13,-19.74889084358033,-32.978679878930116,-11.124479416802998,-15.733563532370326
2024-06-14,-20.301188936492355,-33.9009626617027,-11.336008318820713,-16.032732895190247
2024-06-17,-19.08300256535757,-31.866712805104356,-12.191953814126153,-17.243312943573716
2024-06-18,-20.35132676295691,-33.984687836037615,-14.423425093449392,-20.39932535803883
2024-06-19,-19.485449649526867,-32.538759334813264,-12.899082853251155,-18.243419038053286
