Date,GARCH,HAR_RV,Actual
2021-07-29,4.293379376562907,4.213530001915388,2.7559959652941908
2021-07-30,4.12285665812748,3.7346489564789156,4.868908873102754
2021-08-02,4.247631147796873,4.208352785118943,2.8157300595003023
2021-08-03,4.090119424800878,3.4978042417046544,0.024952457610319292
2021-08-04,3.7822747018300937,3.0856587103434174,2.754567981639126
2021-08-05,3.6640780149038275,3.362721986482134,4.928942406736378
2021-08-06,3.8884978892300364,3.6028208063072156,1.0228230307169401
2021-08-09,3.619654266380966,3.065179777662455,0.6737342816396273
2021-08-10,3.367153471366857,2.781471554739206,1.4018466560496745
2021-08-11,3.1746969331737414,2.92542138364104,0.9027055541969541
2021-08-12,2.975867858438511,2.6792277613027062,1.116285043803292
2021-08-13,2.8097076472321634,2.1130419604926787,4.020176033631321
2021-08-16,3.047185885225246,2.4327702975224277,2.4381198898364693
2021-08-17,3.0073762036458564,2.7057603941220663,0.7824726642819844
2021-08-18,2.8213604677313717,2.643142446175141,4.906476148993824
2021-08-19,3.236026173762224,3.096812551206055,2.2583363682755526
2021-08-20,3.1358207038787387,3.3225919128572023,0.36250929581405816
2021-08-23,2.9223167036050186,2.8715433361749483,0.48050938272379595
2021-08-24,2.7297377416977158,2.5536949742841903,6.203018691987316
2021-08-25,3.480297428705453,3.1795534130518397,0.41605123338970523
2021-08-26,3.2309429575124424,2.6509950127717894,5.168547440948106
2021-08-27,3.6949457780818045,2.930258518621293,1.6245097192417342
2021-08-30,3.4863226710169255,3.2083877562771232,2.2288692958624226
2021-08-31,3.352258481302617,3.419618920158435,3.584657726538576
2021-09-01,3.407063021691757,3.021467447422096,0.7859349821043025
2021-09-02,3.178547738511881,3.1234993328511003,0.2363095788556287
2021-09-03,2.9590281236957283,2.481509903943358,0.22429753214897843
2021-09-06,2.7606605121685717,2.2683341676849094,3.177836326161122
2021-09-07,2.8576731567390983,2.2989140085494224,0.8438640327906225
2021-09-08,2.6873772889667453,1.9930559161652903,0.801617536635044
2021-09-09,2.537163013859127,1.9970648859516538,2.03111182375393
2021-09-10,2.518323942546466,2.2101418422444823,0.6126326422189362
2021-09-13,2.373599916277894,2.2959454877724195,0.6052969407824546
2021-09-14,2.24392882944927,1.947225811326163,2.576209650979288
2021-09-15,2.3654290479077447,2.1113478831217534,0.2768188736035029
2021-09-16,2.2308202777306025,2.079560269319417,1.27611291311327
2021-09-17,2.1645538676185536,1.957063016387669,1.3525096450886827
2021-09-20,2.118077523544837,2.017064268103019,0.7114277243275846
2021-09-21,2.0279772629188035,2.031857105363364,4.483745442671632
2021-09-22,2.579877503101457,2.229179431257282,2.9014734972319602
2021-09-23,2.6961842548299457,2.646199927732931,2.2135478386032252
2021-09-24,2.678150410401437,2.748466207736106,2.123019864671145
2021-09-27,2.6499361754320003,2.8707957472904573,0.09943250450434912
2021-09-28,2.4818815209834746,2.7899033792622543,2.1650943683972197
2021-09-29,2.4898870487183524,2.4311971239182437,0.7179236124532127
2021-09-30,2.358244528182202,2.1623168463568554,0.9557436697952223
2021-10-01,2.24957304193134,1.9608897838539756,2.4422562240364694
2021-10-04,2.327287411455331,1.9811524210787015,1.9067034501927327
2021-10-05,2.317603905041035,2.253374285174619,0.3456933663963189
2021-10-06,2.186368169292765,2.052679581026407,2.68016275440617
2021-10-07,2.3391222655639976,2.247488150774893,1.5520799032428618
2021-10-08,2.287481678149227,2.363893756602598,0.5809347819730871
2021-10-11,2.1719230006544525,2.138506792346944,3.3835355058838603
2021-10-12,2.481112275951163,2.2753629639939676,0.40209203373256014
2021-10-13,2.3375209564408315,2.359115112657992,0.3038459775852298
2021-10-14,2.2065898905885692,2.04093650594367,2.556458909830915
2021-10-15,2.310730579288637,2.115047137110531,0.25976907968887186
2021-10-18,2.1818474666576813,2.1322609100007854,1.0048422866351838
2021-10-19,2.0980458604941767,1.7920713019325658,0.599354658916947
2021-10-20,2.004918024439126,1.820912341184573,1.5125496072555247
2021-10-21,1.99862420705175,1.9658868830659224,2.3959177467047725
2021-10-22,2.11736273297219,1.8998277200841054,0.6982435032334016
2021-10-25,2.0211193126628824,1.9802967965332883,1.1903304512228843
2021-10-26,1.9747804613256574,1.9811386298988263,0.1762502393417741
2021-10-27,1.8803722011132804,1.9309396107611163,1.1465478268733298
2021-10-28,1.8536610578580022,1.8667557287481307,0.4624198260370445
2021-10-29,1.7820220585207454,1.609072500739002,2.6344341245201823
2021-11-01,2.020767125509244,1.8296328106006765,0.38979679124664846
2021-11-02,1.922253428710107,1.7760868201297475,0.4644468480787608
2021-11-03,1.837205412417738,1.7916971217365885,1.425502996648136
2021-11-04,1.8438287093667436,1.7982771175066363,3.0241003129862585
2021-11-05,2.1554668278167224,2.125356135594631,5.614663835373786
2021-11-08,2.95328523650249,2.4855316518802835,5.476162673826136
2021-11-09,3.4581525585598474,3.2089114793415363,0.5777123339061618
2021-11-10,3.213681132098739,3.352719071983013,2.422115583155853
2021-11-11,3.1478063445161206,3.4264017483055382,0.6853113104912223
2021-11-12,2.939671649571765,3.162315463878968,1.9071300717867716
2021-11-15,2.847549018520177,2.65160268573718,2.4679433853915147
2021-11-16,2.826480108589842,2.2347712061185643,3.4289986259816914
2021-11-17,2.9505384581526646,2.622376708161053,0.7257903796174326
2021-11-18,2.7642530054478547,2.464206254127353,0.5936159545490732
2021-11-19,2.5964358967118897,2.4546414617813914,1.1542127571870493
2021-11-22,2.4771231420873567,2.3352205528938543,0.7726193610910524
2021-11-23,2.348020246932018,2.102044580556263,0.503634878999532
2021-11-24,2.2169396359188354,1.7165462989079157,3.6213575743450916
2021-11-25,2.576419637524208,2.045746030248117,0.44118683244865897
2021-11-26,2.424015547794814,2.1116505840337454,1.0386360742973035
2021-11-29,2.317769237427733,2.0788695269575173,1.5606301890456014
2021-11-30,2.270977063282321,2.1811387399539366,3.744061378910498
2021-12-01,2.5756449668407075,2.5673074777150786,0.4207467619190793
2021-12-02,2.4188580155303865,2.2281037390765883,0.4255005848162645
2021-12-03,2.2786307526722593,2.224736785335467,1.710218423272215
2021-12-06,2.2512750059974027,2.282951454683638,0.8168088344851939
2021-12-07,2.146511821345331,2.1842111374572353,3.718786345954795
2021-12-08,2.5499911231829673,2.0851843798309635,2.6509703392914097
2021-12-09,2.6268024157217145,2.3820270187787553,1.4830246633850692
2021-12-10,2.5302592221033624,2.5628367023440215,0.2990588292562478
2021-12-13,2.3788853479899483,2.38334815974147,0.09873810695534854
2021-12-14,2.2397925035208854,2.2859355400160983,1.6904841194863525
2021-12-15,2.220057577184172,1.9709798327414203,1.7676087863720522
2021-12-16,2.2132396726041854,1.8439170884970881,1.5475254301276926
2021-12-17,2.1788334447556275,1.8389067103883996,0.6512471479020638
2021-12-20,2.0723215620441557,1.9082960073112865,4.942831093351364
2021-12-21,2.7170236538011046,2.4863524836335094,1.3078114569325274
2021-12-22,2.5934516624849535,2.5326365318574697,2.5124994882423515
2021-12-23,2.638648710791348,2.617880000847625,0.738132643403099
2021-12-24,2.4867803240176083,2.558598675516127,1.7036458889709567
2021-12-27,2.432718690283452,2.65328688228003,8.457761543928473
2021-12-28,4.220144852634119,3.0275893245770864,5.922936144990907
2021-12-29,4.501365211657779,3.761347926149216,13.422172853907789
2021-12-30,7.046736254388289,5.143605515403596,8.837836298695988
2021-12-31,7.285472203450271,6.398331580114557,2.3353650924634435
2022-01-03,6.754435453062208,6.670651552508071,12.822891438493528
2022-01-04,7.849356623627706,7.107007483127661,13.421050843494214
2022-01-05,9.200050704697379,8.215180152426685,0.5829002389294334
2022-01-06,8.442809294842194,6.83456024113,5.164775554214377
2022-01-07,7.995057952923216,6.237780317141989,15.61130207917079
2022-01-10,9.902723840390228,7.868830044850932,12.492869189242983
2022-01-11,10.225501899988222,8.022507351329935,2.033611760745658
2022-01-12,9.415293463081163,6.794631298473192,0.6051383277995007
2022-01-13,8.642696013645697,6.837312505006584,10.143774763980117
2022-01-14,9.025978308212535,7.338122955790484,4.886602461897479
2022-01-17,8.5340578026184,6.07777685202504,1.8109206417900623
2022-01-18,7.86647731833821,4.73593217787746,0.7346323379073209
2022-01-19,7.229058437606652,4.590417584657501,1.1388340393698857
2022-01-20,6.656677350068836,4.61065843140841,3.2636076592371657
2022-01-21,6.265550583966302,3.656899230647614,5.800500211827565
2022-01-24,6.168239914914257,3.7467219927053135,6.484795120223817
2022-01-25,6.298101275679488,4.411970812296774,9.670691670448116
2022-01-26,7.096046791610293,5.603335792462389,7.993165819938194
2022-01-27,7.345833437835831,6.556636286461931,0.16064682503479014
2022-01-28,6.746897314726473,6.2867987990939085,5.218736772438929
2022-01-31,6.577189502466777,5.992659108511402,2.1719027160079123
2022-02-01,6.104147195381897,5.428020995627893,1.797212643145342
2022-02-02,5.659336996938395,4.38197136806264,11.884682227752052
2022-02-03,7.255963405729994,4.630242732693425,3.2218319666330286
2022-02-04,6.797651314915339,5.159223558944943,0.6225110877823335
2022-02-07,6.251807166936348,4.613659281075103,0.6812064080155754
2022-02-08,5.752874572217494,4.3660731770543535,3.0913245391934083
2022-02-09,5.445014290301106,4.346859348199331,5.277691809962287
2022-02-10,5.481122267991808,3.3360988083482206,14.511414608181475
2022-02-11,7.973356232398362,4.732350614991654,6.913572731824436
2022-02-14,7.774648149336825,5.832511392654771,1.9632391319809448
2022-02-15,7.185325300667954,6.045939586478334,7.649985998606169
2022-02-16,7.204861477131577,6.534736545360968,0.7760913593604861
2022-02-17,6.6316780070934165,6.1005238795297085,1.4369139607948964
2022-02-18,6.12653866164642,4.348516407585483,8.988085901017447
2022-02-21,6.7977957225253824,4.51191575036491,1.7936621461561018
2022-02-22,6.290595328899121,4.659185907797593,4.96678614457232
2022-02-23,6.086581297473999,4.2115406969877665,0.39792874409791756
2022-02-24,5.603767127293,4.215660617032661,7.915388011568661
2022-02-25,6.1464742509613,4.86639358552824,9.3065961304806
2022-02-28,6.6441867732591895,4.887918658141705,4.7938879620229
2022-03-01,6.432568200738268,5.451574907588459,0.1038473497573425
2022-03-02,5.919928823057372,4.871381558806721,3.6120758285229058
2022-03-03,5.6221748849386755,5.2227029834018115,2.617184106698588
2022-03-04,5.28952121506448,4.5508609086475005,3.6097221825610952
2022-03-07,5.100446263612673,3.681821774343919,1.0897021422188597
2022-03-08,4.721518393055018,3.2311242803005333,5.3166012143759644
2022-03-09,4.798945004289966,3.864602874246243,2.436378705382763
2022-03-10,4.527348290701459,3.8000929708099136,4.1287059337917595
2022-03-11,4.521363532553445,3.968267029591164,8.848740996480247
2022-03-14,5.601991639194112,4.58187013422392,8.095830303451471
2022-03-15,5.9852740786606455,5.46899554514715,4.0798289594933586
2022-03-16,5.767109461791517,5.3783715743017275,6.091343324341391
2022-03-17,5.78389318532919,5.855448175171105,1.9146865105976119
2022-03-18,5.379820373891807,5.608204655206085,6.789150311076258
2022-03-21,5.722092056176375,5.270717645799547,0.127231370702077
2022-03-22,5.27170637408811,4.367355593520718,8.033846889682748
2022-03-23,5.923632414869127,4.68046970587713,2.773274969496445
2022-03-24,5.557752472446451,4.384587771052005,0.7932897291050264
2022-03-25,5.132217630219806,4.24250109768008,0.2949318450556722
2022-03-28,4.733850896607001,3.3887953664947674,0.17731733634575378
2022-03-29,4.369654090509882,3.3177179825985776,4.010404718770387
2022-03-30,4.369024846103352,2.6292443157898484,0.27966831720693086
2022-03-31,4.037373098698703,2.346470531572928,2.7223610640189997
2022-04-01,3.898753305719447,2.567088970835183,3.164182980668399
2022-04-04,3.808767094493381,2.933101464457545,5.635134700412233
2022-04-05,4.120466520805982,3.627497941532594,3.379343949886594
2022-04-06,4.024391554121636,3.5993488791122354,2.881691261341844
2022-04-07,3.8853504456271626,3.9765750492977374,7.576723850808426
2022-04-08,4.586972201094335,4.525614231515411,9.760874121871648
2022-04-11,5.605516269519934,5.424205528929253,2.087072562723846
2022-04-12,5.224333509721004,5.128019565422546,6.325512421009434
2022-04-13,5.499632459633561,5.3850013580053275,0.09091337467421019
2022-04-14,5.0673539823511895,5.09065135403224,2.3012855288271905
2022-04-15,4.766768267724013,4.312275157098598,0.23230732032000237
2022-04-18,4.402366254443195,3.03645486309701,1.136153984293188
2022-04-19,4.09243559599506,2.8779619047211358,12.247734413677437
2022-04-20,6.396292612749063,3.438837860907839,4.75927958883847
2022-04-21,6.21125347208726,4.300829164720261,1.2206095518658726
2022-04-22,5.739616272489909,4.177010432069105,5.783220987101276
2022-04-25,5.7229747637003765,4.829260940933214,2.3192757885168644
2022-04-26,5.35765218200632,5.090577488647509,1.8023512490192426
2022-04-27,4.991802749830048,3.7292561413752727,3.7542221399170046
2022-04-28,4.8246960382859605,3.582268692639841,0.6753238885845188
2022-04-29,4.462105703000505,3.553596881352208,0.6924836043067438
2022-05-02,4.135156998413699,2.8794620035213887,4.42679453055155
2022-05-03,4.180569224424809,3.0818258620265095,8.168331854166329
2022-05-04,5.159462924423302,3.8855786224184645,0.21715667930805657
2022-05-05,4.762511713752528,3.5625132437966593,1.6772542454176027
2022-05-06,4.448626453117975,3.639936833008658,7.986831195435798
2022-05-09,5.090154355820783,4.501493037134297,0.9587849112159186
2022-05-10,4.715101476033726,4.152026335168366,1.4756534048490315
2022-05-11,4.395489422085404,3.162580687362633,1.1220307100232778
2022-05-12,4.088454956682629,3.281291981971964,0.8643505610962465
2022-05-13,3.7995242652564025,3.1226926186601807,3.399756729830753
2022-05-16,3.754514371093834,2.481808057707564,1.3848863527765192
2022-05-17,3.524039231047819,2.5804286185447562,2.220985946006392
2022-05-18,3.3936463544630406,2.6783552322480677,1.4811299841921115
2022-05-19,3.208446256124148,2.7482387634664445,0.5209821864652284
2022-05-20,2.991123259962555,2.6056608931283565,3.46585617173949
2022-05-23,3.0892831346510947,2.5256651907890544,8.901661925470702
2022-05-24,4.408273354944457,3.4669041484084273,3.8346246200611875
2022-05-25,4.372549816683616,3.7916941113158495,4.558709466627299
2022-05-26,4.399560118962967,4.205581467133277,5.341460895049647
2022-05-27,4.633605778433969,4.863203789615512,7.2175084521886275
2022-05-30,5.0741182198107255,5.350393072473999,1.5941531922393923
2022-05-31,4.7244219509890035,4.531349606956074,1.012048123468297
2022-06-01,4.381061058828535,4.172967503518769,0.2431412143299919
2022-06-02,4.052331796173717,3.5744232780323655,4.132235607053531
2022-06-03,4.122043173456661,3.272711875905373,4.636059068716201
2022-06-06,4.2017988403632085,2.96276404777642,0.4185346260139213
2022-06-07,3.891640755291337,2.9006507527948036,0.7753863604824146
2022-06-08,3.6217900969310306,2.7849217643218758,5.735593189369893
2022-06-09,4.119850085165282,3.43815259226466,7.0040939210005995
2022-06-10,4.6346950796675515,3.8457076583295406,1.4847356367588607
2022-06-13,4.323426545322701,3.5711107522578924,8.970612222820916
2022-06-14,5.227336497634498,4.601214632715905,2.3923525063854427
2022-06-15,4.910158163228915,4.9738789442523395,9.031820034904827
2022-06-16,5.898880476514627,5.321554780489195,2.5722864779231513
2022-06-17,5.526975900232797,4.901399039270872,5.273344881172749
2022-06-20,5.4749851268074705,5.374638891377497,2.3919704422521186
2022-06-21,5.142068529999259,4.592589316252437,7.963579897676433
2022-06-22,5.6132653816698586,5.237008092446541,3.2541552925462764
2022-06-23,5.344154286370488,4.531596834935146,8.26892207246231
2022-06-24,6.013623466983895,5.206342855160202,3.674642470455188
2022-06-27,5.74308286523673,5.102887298889363,9.886676532221523
2022-06-28,6.467793638890196,5.987098218221299,7.359858721353383
2022-06-29,6.573069675957812,5.974203541931447,7.882848524549405
2022-06-30,6.885862961351419,6.6415996293991615,5.895339310385564
2022-07-01,6.7928091852560755,6.427393601376043,3.307108230688649
2022-07-04,6.380846900519055,6.475837678685965,5.338848591745153
2022-07-05,6.216294134704669,5.830741878748025,2.7093278888699377
2022-07-06,5.8312104653746335,5.2595390718025765,3.9404660420866904
2022-07-07,5.613135236754373,4.73954935239118,6.300227916698605
2022-07-08,5.7975026173704185,4.7899217639961424,0.07217774856001212
2022-07-11,5.343967718605463,4.460823568353938,5.7740367746272465
2022-07-12,5.478897954320449,4.359047985630048,2.3567236387532926
2022-07-13,5.141130925165357,4.408875949839981,3.346896272921105
2022-07-14,4.937285147987988,4.2460271343203475,19.059705172473603
2022-07-15,9.201195176677738,5.712234194249661,7.741838498767875
2022-07-18,8.947885900801904,7.011889200252201,12.06501926360143
2022-07-19,9.660042219075821,7.8362098374746285,2.994026293346507
2022-07-20,8.957382492459342,8.129691690094532,0.9604521934183994
2022-07-21,8.241152494611914,7.845974830372415,4.669361993322734
2022-07-22,7.819447379613171,5.80449687082212,8.969141553094149
2022-07-25,7.946593161804954,5.917570782064719,0.10369749046973532
2022-07-26,7.311466613060001,4.4700330291711365,1.47201069180256
2022-07-27,6.754993315719281,4.208984113180945,16.648209443136768
2022-07-28,8.789066021826875,5.976783538064732,2.5626223975222198
2022-07-29,8.149396778855296,6.0083437545303715,1.4245815748168826
2022-08-01,7.519575175282439,4.967541101611051,5.781106536364306
2022-08-02,7.32434819577487,5.60830805301263,4.846076354267965
2022-08-03,6.987701593451306,6.0960172672213835,6.079088022160921
2022-08-04,6.910929684906077,4.668642993725694,6.782505972579772
2022-08-05,6.8557403395377685,5.253614977904487,6.892120103867998
2022-08-08,6.932555021965434,6.0076950878696564,4.341901109193307
2022-08-09,6.6304636424575305,5.8614503908745625,2.444668903916232
2022-08-10,6.181165951109133,5.614833544553743,2.822545986343885
2022-08-11,5.811481542189454,5.1413744508844355,11.487161408835856
2022-08-12,6.862295767053565,5.639627054517596,3.527290543061136
2022-08-15,6.483679639257631,5.398858043647903,2.6333960145636137
2022-08-16,6.069236920102378,5.024380631442449,2.377508466505417
2022-08-17,5.677147860365051,4.965722995681076,0.35988549875902753
2022-08-18,5.237608096068429,4.568077857164804,0.1527142445083717
2022-08-19,4.834725618547911,3.0377464331459993,1.1669301494070692
2022-08-22,4.489628351145119,2.6998097309427105,0.13258301436464628
2022-08-23,4.1496455690219,2.3463133977815143,1.5869099851291975
2022-08-24,3.889745894796765,2.1274767524835636,2.3997455127244423
2022-08-25,3.721027539835961,2.401338396925749,0.8127929703058365
2022-08-26,3.464316070693427,2.522154223297821,5.768157828361888
2022-08-29,4.022433504276006,2.8949634841260217,0.9707597551046502
2022-08-30,3.747240345439565,3.112065650789295,1.162599984679413
2022-08-31,3.504156258268374,3.0473880456685354,0.14749795313629477
2022-09-01,3.2551573691094022,2.7150747145122116,0.07882505654065276
2022-09-02,3.0273520552777615,2.569107302085161,2.570244755230283
2022-09-05,2.993348445240379,2.044378316913937,0.5653828481052638
2022-09-06,2.7978361038647814,1.9770834635937553,0.052451972197788396
2022-09-07,2.6139787222794184,1.7713638214497363,1.199276428723512
2022-09-08,2.492893436972233,1.8489553738451985,2.485612328399631
2022-09-09,2.5339793074566144,2.136297662258663,0.8290690879940275
2022-09-12,2.3976934558523464,1.9264081877970898,4.382362516100455
2022-09-13,2.90165771851303,2.2697883407419472,1.5648337092546643
2022-09-14,2.7798754012803792,2.522307987779901,5.082499457994341
2022-09-15,3.235761356207462,2.97411891453415,0.2137991863060908
2022-09-16,3.012358974043153,2.7738819996402615,2.880267948415298
2022-09-19,3.047698729657342,3.003939379810212,1.9644778641835028
2022-09-20,2.943925368403836,2.7246515180628172,0.8241535911098046
2022-09-21,2.765590975480516,2.6512731130406033,1.9390186985722153
2022-09-22,2.696464425277859,2.2236001178994833,0.07569471178754554
2022-09-23,2.5255708356949476,2.236624360849364,0.79942436680463
2022-09-26,2.3953801239148595,1.924602953215181,1.148978615554188
2022-09-27,2.298759982802375,1.8105048612393007,0.5046138114979623
2022-09-28,2.175164147241126,1.7296621569095554,1.6495959772154047
2022-09-29,2.1614145518194516,1.668839511756053,1.1654327016337265
2022-09-30,2.099918699540432,1.8258131125036259,0.6512267906343533
2022-10-03,2.0045526380267127,1.8240645655203314,2.5382558715129027
2022-10-04,2.1461102989788348,1.9858734384814198,1.337596040673728
2022-10-05,2.101612523973194,2.114307982685328,0.49017648467474023
2022-10-06,2.0043137937940454,1.98065375031473,0.5894359778539588
2022-10-07,1.917285388399556,1.9066114198748731,1.7661931027785183
2022-10-10,1.9633202512218857,2.0303136575773966,0.5044027840755073
2022-10-11,1.877222605130139,1.7714737039814645,0.5441268652802187
2022-10-12,1.8027668693189498,1.6616339395441195,1.3735035438662098
2022-10-13,1.8110563534739135,1.7264458824711617,1.2558956999044981
2022-10-14,1.8076881398476874,1.814597308452262,1.1794533261863716
2022-10-17,1.791728118660149,1.6980076953765706,1.365177006579508
2022-10-18,1.800137404760325,1.819344941825915,1.8800304918847377
2022-10-19,1.8848308620962204,1.9732493536893747,0.45945908472251545
2022-10-20,1.8047507571241266,1.8721181177871808,2.7211262584075646
2022-10-21,2.0265563820744408,2.0286649625445214,1.6946858701913061
2022-10-24,2.0385343180494564,2.1207743380864805,0.1636164900849295
2022-10-25,1.9352286543256763,2.000597618967597,0.609876569438616
2022-10-26,1.8625060209761004,1.8179255119895732,1.2771194165845379
2022-10-27,1.8520325010325,1.91051996952889,1.322202661513042
2022-10-28,1.8476251237327739,1.731785637771566,0.4699339345429979
2022-10-31,1.772634589758174,1.5782640702831316,4.633581780331793
2022-11-01,2.4499366665784805,2.102249660557153,0.09712983936760419
2022-11-02,2.3005087820684773,2.144043452813991,0.5074870255616282
2022-11-03,2.179176597799356,2.0096119257864227,0.10935022210160783
2022-11-04,2.0609214208773663,1.8452641929389588,0.2953417696113048
2022-11-07,1.959760990923629,1.814660508120685,2.3468335570307235
2022-11-08,2.100792696799314,1.4767169161465585,2.2313390600989518
2022-11-09,2.190208182385306,1.7682615664102552,2.09291778171673
2022-11-10,2.2242823628075303,1.9989519790499812,0.8078824307690567
2022-11-11,2.1226972196792993,2.1269498369056636,1.1598286017559383
2022-11-14,2.0609465547095147,2.2301468739177115,1.6763598985804984
2022-11-15,2.063279132006501,2.1319862993088385,2.3045460296054943
2022-11-16,2.1504582607853875,2.137314094283138,0.465138058027713
2022-11-17,2.045279439723556,1.9583255179701236,0.41272911410109514
2022-11-18,1.950135754990745,1.8913835639215546,0.15377819755990646
2022-11-21,1.8566369594284182,1.7605476344546398,1.4908842390260766
2022-11-22,1.8725288764941652,1.6887887182529855,1.6259426909875037
2022-11-23,1.8985662767888924,1.594460229030763,0.6365586731215542
2022-11-24,1.8255856622727618,1.647107579368143,1.9125537355281226
2022-11-25,1.8985215123447465,1.8271910783135406,2.433772300806257
2022-11-28,2.038997033291576,2.1288665448217445,0.8820468585053967
2022-11-29,1.9679852044732855,2.082743321804422,1.05221000519813
2022-11-30,1.917175200956337,2.0078053170483483,1.6192620515324125
2022-12-01,1.9414783692942355,2.0924164674162573,0.49182102210303236
2022-12-02,1.861024733325602,1.9360810850269743,2.8660012004976596
2022-12-05,2.13860696307132,1.9574133653394483,0.8289019821819383
2022-12-06,2.0480342350981227,2.0096023187618566,0.9691105217816193
2022-12-07,1.978756838173719,2.00154307003234,0.03443799340252398
2022-12-08,1.8815503083738185,1.790290000149349,1.4577252678988617
2022-12-09,1.8857461143653194,1.8739442650106446,0.10604365202611817
2022-12-12,1.7988283987127056,1.5207391567526207,0.7656902079244522
2022-12-13,1.7511258719132572,1.4946917268573072,4.791939850129837
2022-12-14,2.467431121865643,1.9381590799002448,1.2648944010701368
2022-12-15,2.3706635666287643,2.1874830094367623,6.033372169497238
2022-12-16,3.1837631523862875,2.713019762030103,1.8028940957043809
2022-12-19,3.0502179539669827,3.0604394979119807,4.226980119691018
2022-12-20,3.2648559793247856,3.4979328510493293,1.3003463775285524
2022-12-21,3.0776000702176978,3.120312166661003,0.48034726541797595
2022-12-22,2.870108704408969,3.025633988886389,1.1601640960109343
2022-12-23,2.717926625368353,2.355441910590994,2.7353692181874094
2022-12-26,2.7828040751271503,2.4607946071595284,3.0580882058110315
2022-12-27,2.8928668829033475,2.3093857731336027,0.5927785612935212
2022-12-28,2.7097862517545566,2.2588998221238707,6.0376971770491945
2022-12-29,3.3990408839644646,2.9121127444718478,3.306458239534576
2022-12-30,3.4430389525941356,3.290739554890011,1.011335889084545
2023-01-02,3.2240346803117106,3.113514725862859,6.748219425382507
2023-01-03,4.125607171079994,3.5224983439351383,3.078295802542804
2023-01-04,3.9939564715686764,3.9488954797748232,0.6171773081354818
2023-01-05,3.7051908457214444,3.2887550043459757,2.0062695593183877
2023-01-06,3.522975798480229,3.0907186387238212,2.28509974328893
2023-01-09,3.4017877555844405,3.275761139920907,1.5862415964518244
2023-01-10,3.221941923839048,2.6089425409680835,9.635005885874437
2023-01-11,4.678510615966945,3.3743744018884847,0.4335645948698378
2023-01-12,4.323483979888437,3.5818304173758637,5.671856832893784
2023-01-13,4.532666829628934,3.9436477534205854,6.524123335101624
2023-01-16,4.856767588259686,4.540111257013585,1.5027075796791955
2023-01-17,4.52052500430169,4.61026750681562,0.56109978115407
2023-01-18,4.181779785862019,3.4150977822789037,3.8126860368509248
2023-01-19,4.130169964062318,3.776049217849627,1.8155427073168962
2023-01-20,3.8911082091493534,3.3200232470528714,2.0922312950242348
2023-01-23,3.704133428246021,2.740766660168123,0.4026644692131243
2023-01-24,3.4371353475068265,2.6294334479963366,6.894327934715514
2023-01-25,4.309528307671998,3.3480747320603217,5.570052648759061
2023-01-26,4.615871355058385,3.6423402607967583,0.9915362392163065
2023-01-27,4.282574621573747,3.653839975146959,1.067838242296105
2023-01-30,3.985389782748395,3.463394381575684,0.5923437977640322
2023-01-31,3.6983600646228436,3.4715990826339147,2.8601255117211046
2023-02-01,3.6002181996100164,2.896796089793498,4.146159655646585
2023-02-02,3.6899344457088628,2.648206825114635,4.35221969148433
2023-02-03,3.7958451075695994,3.102915691170173,5.733065284175658
2023-02-06,4.125205860889373,3.74083900613704,1.471304941240126
2023-02-07,3.863425817766028,3.9604277346322383,8.551524451833432
2023-02-08,4.802857048694351,4.60085987626236,0.7075647128714242
2023-02-09,4.442584756513759,4.3355488081616524,7.371064392482555
2023-02-10,4.956496998659628,4.542304455385626,2.8824265889128973
2023-02-13,4.724871028058033,4.30437303667973,8.99912763787397
2023-02-14,5.7682656109698645,5.182177388640573,2.860050291686834
2023-02-15,5.444343513384568,4.546152663689745,0.16463312250797416
2023-02-16,5.021928523482117,4.528200758225362,0.07152781848032665
2023-02-17,4.636981115760447,3.554680934905668,0.06705895227654027
2023-02-20,4.286116950751984,3.1409136642242657,1.1575670760650008
2023-02-21,3.9919500025971453,2.064506387574989,4.470418223983725
2023-02-22,4.1349150508603145,2.2188559741532923,0.7573293500793036
2023-02-23,3.8388873226333007,2.39596557911352,1.6579926100315932
2023-02-24,3.6176245228617443,2.5287501837398407,6.375504297587327
2023-02-27,4.279548320972104,3.2546257377068866,2.5194958530171605
2023-02-28,4.090611522155785,3.5500568548600193,1.6087006767643617
2023-03-01,3.8401163612642555,3.1985930834339613,3.788350472768339
2023-03-02,3.8873721774693086,3.5782953549674703,0.9845679388419444
2023-03-03,3.6225433386708477,3.5406137130058633,2.2697359594847573
2023-03-06,3.4753139146068985,2.9427147980883017,2.4574352144320284
2023-03-07,3.3799156958008636,2.9098038676343982,4.178063789603244
2023-03-08,3.5210263463023663,3.1909135756565608,2.7172637910774995
2023-03-09,3.453536618904247,3.099056086541249,0.6975135896556081
2023-03-10,3.220128908933758,3.0304228049842568,1.3765153461293922
2023-03-13,3.0473971502741457,2.9007911846829177,2.217948446023809
2023-03-14,2.968705128702103,2.793617268427475,3.2690007513328574
2023-03-15,3.078353956647946,2.650155632286231,1.89511760314231
2023-03-16,2.9634248137692705,2.502224826673769,0.46792641581942906
2023-03-17,2.7708173289732505,2.4828127538879876,5.007247787716289
2023-03-20,3.2111143924230663,2.8993537310975634,2.6726881557830136
2023-03-21,3.1826476445906797,3.046641283148777,5.135442052579276
2023-03-22,3.647375135871899,3.284487053519219,0.47725726522163503
2023-03-23,3.389833254549842,3.2080011268134454,1.5045256080950304
2023-03-24,3.207751745795653,3.2877474377115257,0.44854146637453
2023-03-27,2.9944338889756996,2.705568703339566,0.6125015183278957
2023-03-28,2.8034554464164128,2.4162907922465653,8.456936664605259
2023-03-29,4.388147562044459,2.6793991202401326,3.136996026071745
2023-03-30,4.233146525166177,3.1756681495044794,1.333391980812257
2023-03-31,3.953928868082775,3.195779853019709,0.4133637277455535
2023-04-03,3.6697225013743133,3.1786489461929976,3.0562905908086346
2023-04-04,3.6279214816005148,3.4566394337429225,3.144268631418279
2023-04-05,3.5771678859014764,2.758297038380066,5.860992827750509
2023-04-06,4.113521145114546,3.086573439209917,0.8193366331073845
2023-04-07,3.822231690835667,3.1120451902374815,0.830127834501051
2023-04-10,3.5618912424157503,3.1466343108758474,0.512522719820951
2023-04-11,3.316668266991134,2.8143228145394152,0.5095116759778104
2023-04-12,3.0916511308588994,2.4549076506318337,0.27672815036289383
2023-04-13,2.8836830833817997,1.698831083844523,3.8655115843422614
2023-04-14,3.0722631548607375,2.018161592506811,2.685079655363929
2023-04-17,3.0460086114028178,2.3030135267546012,0.4298268078453972
2023-04-18,2.846159861349593,2.3487366160927405,1.288837603470109
2023-04-19,2.7090587849253094,2.3910887735641153,0.47080171107792
2023-04-20,2.546385614579694,2.4141994494195744,0.7233333994068671
2023-04-21,2.4061006524293918,1.9442414127980137,2.763814234503431
2023-04-24,2.502933861894227,1.926541165213131,2.0478175100256326
2023-04-25,2.4832224865988914,2.1652780260347018,4.41696902513773
2023-04-26,2.9579209395436004,2.5618299221989287,1.979104508300976
2023-04-27,2.874110191206745,2.838389377097706,1.8566868430994021
2023-04-28,2.7871945231263227,2.9229064318754685,1.873977598317144
2023-05-01,2.713470563899415,2.790865018142512,1.8331377782758456
2023-05-02,2.6414101067205245,2.7682765386225916,3.0690512928885156
2023-05-03,2.7738776418630895,2.585524592330487,3.3311326032632413
2023-05-04,2.9302051072526454,2.7613501676932537,1.6758387579771328
2023-05-05,2.815602986042637,2.76405146418188,1.3287093419362233
2023-05-08,2.6867487332031676,2.6529022322229947,1.7556447679530822
2023-05-09,2.6103989892720416,2.6411111000049017,0.5303589997010288
2023-05-10,2.4563563125208927,2.331710282393507,0.42352176860727625
2023-05-11,2.3187190745358626,1.9470052045193276,2.3694192718815756
2023-05-12,2.3871486340801806,2.008792451841203,1.5857521093256746
2023-05-15,2.334240233218262,2.076409980103097,3.7657251221444863
2023-05-16,2.6868711877648477,2.286950656715965,3.2276242857627007
2023-05-17,2.8407095349783744,2.664589157555481,2.7700537114964656
2023-05-18,2.8841002455959375,3.0120293620340686,2.327365233305525
2023-05-19,2.8429547630080267,3.028333517046722,0.6877125545556061
2023-05-22,2.670059945422412,2.9525173788296253,1.201698937871048
2023-05-23,2.545383857771646,2.6035402389906595,0.4222083779453835
2023-05-24,2.3944113493866888,2.2260778009308653,2.014904574851872
2023-05-25,2.3889549243609762,2.0847981395677304,0.35033585038512394
2023-05-26,2.2528650274860484,1.822020314557208,0.22614859168243007
2023-05-29,2.128988638508283,1.745101216796046,0.3384579857291777
2023-05-30,2.019963973739279,1.611355804897244,3.529104777030766
2023-05-31,2.3507461162920134,1.9600687200633753,0.05843778408713607
2023-06-01,2.2160646671367887,1.76994009967895,2.1093286050569042
2023-06-02,2.250979380574196,1.9410615520341936,1.7539018173794
2023-06-05,2.2353136429176836,2.1363634091072585,0.6553609951389527
2023-06-06,2.1304185433170875,2.1953160489445893,0.4070442868396169
2023-06-07,2.0268878485864223,1.777137307428413,2.230614582626956
2023-06-08,2.1125643724269114,2.023885984389956,0.404371735772391
2023-06-09,2.0105537249979704,1.8424106615008706,0.16271829531439672
2023-06-12,1.9135073422071935,1.634105689286075,4.731554906042016
2023-06-13,2.5653304144341798,2.0839794397109523,1.4630177439853425
2023-06-14,2.475842891157716,2.306119778161929,1.5742628014360887
2023-06-15,2.408162869212684,2.1930902713110245,1.3480137469561302
2023-06-16,2.3285951663718936,2.304192431771899,0.4056641572993304
2023-06-19,2.202879082413012,2.335171655892968,3.581648505196823
2023-06-20,2.4932583606760366,2.1149473370765675,7.947582057213894
2023-06-21,3.81714093976474,2.9417189865555424,1.8535051512310057
2023-06-22,3.6115112732385803,3.140727536827413,2.5519204667497473
2023-06-23,3.4955628111233192,3.3045862799238925,0.8216601675696362
2023-06-26,3.261243973086845,3.390590361100551,3.6803415771224786
2023-06-27,3.390655449809454,3.3655058288138218,1.7658148034634877
2023-06-28,3.2319842210332386,2.6097096120604175,1.6357098197512279
2023-06-29,3.078338064619522,2.5973122464900134,2.4633670593523678
2023-06-30,3.039585031665653,2.5532801007042627,1.9524005743518602
2023-07-03,2.9368408296155,2.7358683477715995,0.10983453750557867
2023-07-04,2.7443211313677853,2.2874486162920538,0.19517626079859912
2023-07-05,2.5725230072824066,2.059888073042625,2.16801440000521
2023-07-06,2.5571898111665177,2.0959792220348348,4.0184600285037195
2023-07-07,2.848226392160779,2.293417185928991,2.15549974895565
2023-07-10,2.791369498637633,2.3670508603581895,5.212533249780858
2023-07-11,3.3782495781234236,3.017116113629695,2.6863736934315523
2023-07-12,3.3094071382274466,3.438222129310164,3.849894462641125
2023-07-13,3.458748693569826,3.622614354512494,6.03066926523704
2023-07-14,4.061691513737658,3.8823647150525153,4.572434353553974
2023-07-17,4.147995597741358,4.271688771080743,4.243760046525164
2023-07-18,4.169233424383624,4.181710417897179,9.241855973865256
2023-07-19,5.435755749950681,5.017728845216404,2.515864839473424
2023-07-20,5.116689797600248,5.000426533227229,2.475245675038217
2023-07-21,4.82873570884369,4.471776944535746,2.4573602321984636
2023-07-24,4.5707750011629145,4.197221876557302,2.5326045385728726
2023-07-25,4.348854456157623,3.967549677936443,1.445289095914958
2023-07-26,4.064603741549686,2.966777073550721,2.7907789352934627
2023-07-27,3.9175133716903368,2.9596469141150674,2.4940477157013836
2023-07-28,3.7589112752168874,2.9771353725637946,4.078527938326885
2023-07-31,3.82150528472579,3.1776490942806097,1.4947554657202478
2023-08-01,3.594487277023112,3.095144127278627,0.8273913202184837
2023-08-02,3.3565719199578306,3.0176974176278786,0.16399406701834046
2023-08-03,3.1234648515779173,2.685754008240454,1.6455660858678816
2023-08-04,2.982810910440881,2.5502732556239818,0.3452682744144863
2023-08-07,2.7865521020465565,2.0683621011597744,5.620310549442043
2023-08-08,3.4843011049784165,2.4993637418856416,2.059368456999772
2023-08-09,3.3372315904419776,2.752230783046779,0.3741494021112004
2023-08-10,3.1108042348081053,2.7717474427217654,0.3072866548562317
2023-08-11,2.9045942846448316,2.5702661843909422,1.0246405326858992
2023-08-14,2.7457881997250926,2.612137100414301,0.41588196270810357
2023-08-15,2.5775654346948684,1.877928136815163,2.213870723456111
2023-08-16,2.578704889715692,1.8282322348726492,1.5201402489986557
2023-08-17,2.494223324602642,1.9693712275100819,1.7921481167986382
2023-08-18,2.448549538827321,2.0816687652323074,1.1373674671160856
2023-08-21,2.3487076708453016,2.0985608848607544,2.7036578717572537
2023-08-22,2.4706470949324997,2.3648096946609116,0.7602153586391414
2023-08-23,2.340978617881627,2.2031370742756726,1.3189836127651537
2023-08-24,2.2670222112368945,2.149266600619384,0.41503638313713187
2023-08-25,2.145354572573913,1.9782056677196003,1.4996987582860146
2023-08-28,2.1185314986079296,1.9850485802564626,0.4494933351047355
2023-08-29,2.0142141595803755,1.6908381365708152,0.8818834644921274
2023-08-30,1.9495971599857786,1.6623373230977976,1.7983191634989732
2023-08-31,1.9898247783152418,1.705839914814153,0.9132155739947745
2023-09-01,1.9302784159501105,1.795039461412858,2.9621047899630866
2023-09-04,2.1717182328293667,1.9665544430172381,1.2271320596025943
2023-09-05,2.1115239264971732,2.109208799516479,2.404349795322069
2023-09-06,2.22581634239695,2.3028253554595546,0.13059071677851095
2023-09-07,2.1041796014173513,2.081368673459221,0.9517474123590198
2023-09-08,2.0330454306883645,2.0536167155885976,4.45317731490981
2023-09-11,2.657038973122265,2.205789536991359,1.2961664884535533
2023-09-12,2.5439078359110616,2.3052566847862628,1.214709971286679
2023-09-13,2.438266806657159,2.151097775194007,4.380032370649868
2023-09-14,2.8463588481979576,2.6764462174043637,1.554885738512549
2023-09-15,2.731768108410525,2.821094402760894,0.9892561603432446
2023-09-18,2.586459415246648,2.369758153855282,6.444669774069456
2023-09-19,3.458538833103817,2.963856283163104,3.8583184456386643
2023-09-20,3.5806200786769105,3.409133694495072,6.099498094067434
2023-09-21,4.067185741543093,3.6165920323589256,3.7972692828809023
2023-09-22,4.07314238341807,4.004421191530564,3.303380372510144
2023-09-25,4.003964710364278,4.34443264841428,2.296287574057848
2023-09-26,3.8224449360434996,3.838569431744323,5.629209162770681
2023-09-27,4.152170851867974,4.032406682580194,5.223517919462702
2023-09-28,4.4003226538466516,3.9767275938394264,0.6090176437168986
2023-09-29,4.077584827676646,3.6672514742615174,0.9256545678870264
2023-10-02,3.7928876217857193,3.3337050032292885,0.15414451770118714
2023-10-03,3.5190615132688157,3.060148254750042,3.2316366838958763
2023-10-04,3.5012251595238117,2.6668389245826307,4.161092181016287
2023-10-05,3.669348292749352,2.533445209407524,0.9788049839488642
2023-10-06,3.4264775107127496,2.647905226226902,0.8604043680302492
2023-10-09,3.2052627190533842,2.6492712858799043,2.175543580397558
2023-10-10,3.104736652997666,2.8966203158813832,0.9394876312669984
2023-10-11,2.9164743789839545,2.5866429457196602,3.0672121071767644
2023-10-12,2.9736290297688166,2.406143613214967,0.2915761959059131
2023-10-13,2.7771642879843554,2.375132566067423,4.477225877180591
2023-10-16,3.1782937611985345,2.7502759443945344,0.5560291652718844
2023-10-17,2.970613852871443,2.623986678097024,5.731134632350181
2023-10-18,3.540277222214419,3.1784678024538264,2.6861474672278867
2023-10-19,3.46318056729184,3.1660424421391475,4.639719136900062
2023-10-20,3.6817537381792627,3.701769778005226,0.5507776349711291
2023-10-23,3.4223253153461717,3.226081202477629,5.04684335893866
2023-10-24,3.7281394723394463,3.7209395466956883,2.320232110090492
2023-10-25,3.5755423025047106,3.32721052516389,0.011948495379906362
2023-10-26,3.3195883002529976,3.006328061488819,2.255266117350098
2023-10-27,3.2192753545580133,2.5973689183179376,9.164122173053544
2023-10-30,4.816097939952393,3.6073016408304484,2.0959968284462835
2023-10-31,4.526713377418836,3.410953470399626,0.864950507472046
2023-11-01,4.200324910807691,3.247802569825664,0.4851016894192297
2023-11-02,3.892525791989957,3.3227411325309273,5.3546890339705975
2023-11-03,4.219708540082084,3.6326607962652657,0.45303994580441503
2023-11-06,3.9110003636145416,2.5623503809527737,4.5674303881986535
2023-11-07,4.075484586227602,2.8233661740729112,3.387776063937794
2023-11-08,4.016823100228995,3.2146955212187898,0.60037648424693
2023-11-09,3.727270659594359,3.2838149542644053,0.7356910958199897
2023-11-10,3.468736945818425,2.6646780299991337,5.853297182547388
2023-11-13,4.0155192040622945,3.280619259570485,2.0200022850866772
2023-11-14,3.8045539068482412,3.0581565620908853,8.214374636943225
2023-11-15,4.883403137255052,3.5809143172890554,2.8782858212402265
2023-11-16,4.647368771614459,4.043338098594302,0.49853183204450113
2023-11-17,4.300554570284172,4.0168174571501725,3.920440854761007
2023-11-20,4.287283216571069,3.68597239449391,0.07436482284476638
2023-11-21,3.967746652606518,3.477244423352295,0.880016529639591
2023-11-22,3.691828397114646,2.4864891587241176,0.6032097226778854
2023-11-23,3.432925288159274,2.144725415526014,2.8393431003194087
2023-11-24,3.3797446846358588,2.403846782712754,1.9595554824795223
2023-11-27,3.2387201444874107,2.1864088176856113,1.0065018707663642
2023-11-28,3.0439894897076782,2.3208788494482273,4.38439795893172
2023-11-29,3.3523029835536096,2.650272957161781,1.1850434750286967
2023-11-30,3.1558141214610775,2.799036708069914,0.949066650899464
2023-12-01,2.966956284052531,2.5546050244685925,0.13005090908168707
2023-12-04,2.7702123068681157,2.328306770430587,5.567101944922332
2023-12-05,3.3669745580115915,2.797810380082811,3.2489416138236575
2023-12-06,3.3955251831805535,2.735733056477928,5.173579994046254
2023-12-07,3.793919434413084,3.2227801871417636,0.4915759233862906
2023-12-08,3.5248151478550778,3.250380193967958,1.4848406590970975
2023-12-11,3.3274466971722667,3.4133496301565183,3.0136053233482003
2023-12-12,3.3252451827373095,3.0593974337015535,3.0633213429641506
2023-12-13,3.318007426184887,3.0043449999016154,2.803601066591452
2023-12-14,3.2868375103695935,2.7047826214642745,0.0909044512120045
2023-12-15,3.061662212533319,2.6350325002862847,1.0339755419308763
2023-12-18,2.8839611767805575,2.5313492164244273,1.109477150065864
2023-12-19,2.729477574229601,2.2827976895618693,2.9684317270665805
2023-12-20,2.8206917061669268,2.2131123341937453,0.20996865569167059
2023-12-21,2.6414714437045173,1.9401814477742976,0.500608335581954
2023-12-22,2.483403416803371,1.9826374855488855,0.10853159821333064
2023-12-25,2.3363706755035833,1.864060106617095,2.10210425586933
2023-12-26,2.356832441396618,1.937273999960432,0.0851863707521804
2023-12-27,2.2229627034469175,1.5860187519195126,0.457884929986371
2023-12-28,2.107789706350962,1.603254875324689,0.8255532267679576
2023-12-29,2.0226444959197494,1.5994831614836984,4.801739470295723
2024-01-01,2.7387973844952085,2.159575275852376,1.0945518634763653
2024-01-02,2.5983232857740868,2.12160474807943,3.6087954931300827
2024-01-03,2.8165656228314133,2.5617262326377364,1.4807003140379367
2024-01-04,2.6978663197207116,2.7085775867534374,4.963404996197138
2024-01-05,3.231643496966385,3.187249564660512,0.822846661627656
2024-01-08,3.0296925187219763,2.718873130383362,0.44372398842545246
2024-01-09,2.8349039605267876,2.6409132837133984,0.26940192195929463
2024-01-10,2.6555939598184346,2.18888877365949,2.2544348904430525
2024-01-11,2.646142893375872,2.232967213510096,4.11398509065401
2024-01-12,2.986483568501603,2.0845359680331472,5.905603289073137
2024-01-15,3.6013667264188696,2.746831555140612,4.04857690324706
2024-01-16,3.724675740044618,3.314030385864184,1.1479498646892212
2024-01-17,3.4850869567370726,3.5047966569639613,2.4375905971241196
2024-01-18,3.3793207799059624,3.50976948688988,0.4044978414882176
2024-01-19,3.1476710911908166,3.0416573527446116,4.296357323601378
2024-01-22,3.4101941357971213,2.772511170010365,0.3014414214618012
2024-01-23,3.176157247784301,2.374375876526811,0.8924877483221053
2024-01-24,2.979415167610299,2.333161506551365,3.602243158181532
2024-01-25,3.115656913403079,2.4347723359573106,2.46431826037756
2024-01-26,3.067140754017098,2.7617726764859905,4.60902385898168
2024-01-29,3.416002091808382,2.792706366612122,1.986070880369636
2024-01-30,3.272758607787073,3.094722243682672,0.25406821252745476
2024-01-31,3.048871415636358,3.005616637104564,1.734816255970363
2024-02-01,2.929031634399004,2.7266051023299047,1.5822486236294002
2024-02-02,2.810307777507965,2.5919362230525507,4.6930672167590295
2024-02-05,3.1956862925224225,2.5582820201096244,0.4145266146647437
2024-02-06,2.984930204910276,2.4104219173588883,0.44195592110916804
2024-02-07,2.7955738672953134,2.429984799653262,0.031887116762692645
2024-02-08,2.617821291245214,2.2094743848765384,1.1232797976367404
2024-02-09,2.4943187636501944,2.1294297725348814,0.10108305703067151
2024-02-12,2.3461083153283413,1.5232478691540745,1.6117017346663858
2024-02-13,2.305283020421592,1.6174297130749618,0.6164292489477041
2024-02-14,2.1926190228203963,1.6101368957505973,0.19455098583178837
2024-02-15,2.075994991850202,1.6015821598947966,3.5230335839441387
2024-02-16,2.4028727333971216,1.8607190819354784,2.7296107810679047
2024-02-19,2.503868269450388,2.2328356239487914,0.9565372981829002
2024-02-20,2.3867472450838125,2.19638401132126,1.570513407999996
2024-02-21,2.334992880923174,2.27854004736137,2.2909799786074285
2024-02-22,2.385867581894712,2.5590671883712695,3.642618834035247
2024-02-23,2.6573964920484827,2.569717050959697,4.136847504850983
2024-02-26,3.002962938609237,2.749900430040283,1.2251648067363763
2024-02-27,2.843489696453242,2.8460658807483825,1.374971710713301
2024-02-28,2.7132795213825194,2.781951343203308,0.8683884407345841
2024-02-29,2.5688366018719306,2.593806002726457,1.5316376591941885
2024-03-01,2.4861274091509533,2.3100461196261817,2.5637666836621675
2024-03-04,2.546365717749932,2.0840027374457395,3.5515263168758455
2024-03-05,2.7633121096433535,2.388517630737861,0.8043778932727558
2024-03-06,2.609610268365208,2.3413770921317365,2.40802271216703
2024-03-07,2.6312391244752256,2.5256934928889168,4.6466958840900086
2024-03-08,3.1038392343054166,2.926630054453389,2.541502625172721
2024-03-11,3.067460066417363,3.0033164550376656,1.4979739442042084
2024-03-12,2.9210043042585143,2.760950850842888,3.5285858519194933
2024-03-13,3.0771284413792195,3.106739899442347,0.7035097163780794
2024-03-14,2.8865085453195687,2.9422135582327615,1.8270838569467172
2024-03-15,2.7956106493031148,2.552100639975295,4.330351205100202
2024-03-18,3.1480286551536834,2.7696008963124976,2.0141037516547184
2024-03-19,3.041996759886042,2.8808370579548415,0.15590923691026226
2024-03-20,2.839601804820245,2.452996982665742,0.2909979492171168
2024-03-21,2.660737939507147,2.3871645648012776,4.176317888632024
2024-03-22,2.976004134666505,2.6278760756108657,0.9815535270313768
2024-03-25,2.805002700084449,2.250742852565543,3.8912711996730582
2024-03-26,3.0577707039452267,2.4288451936105946,2.075966621596792
2024-03-27,2.969403183253956,2.7078713395614846,0.4386277870325859
2024-03-28,2.7781797035033544,2.760081814427021,0.7850530082044542
2024-03-29,2.6176781132933593,2.29476408590501,2.6790337256160472
2024-04-01,2.673214352237363,2.49083169511479,3.9048021564784396
2024-04-02,2.930382751356481,2.486824854807785,11.180160090886297
2024-04-03,5.089880137722922,3.602651436886876,0.253195424179328
2024-04-04,4.6977570148633205,3.819606213897867,1.8604486907049653
2024-04-05,4.402634755725338,3.931672669601489,5.212897846589133
2024-04-08,4.549023928368549,4.2122684552409,3.701136504440069
2024-04-09,4.4641553513270855,4.21360050383585,5.261924302155257
2024-04-10,4.648431430573402,3.418145493073002,1.8531213646837685
2024-04-11,4.3624619855562,3.720160328562487,3.099011016300058
2024-04-12,4.216836707834853,3.847992373397237,5.512036639762092
2024-04-15,4.449428970692531,3.8772160508640945,2.165446045914209
2024-04-16,4.2057669512502915,3.7617372627444015,6.0009821080630035
2024-04-17,4.592410321275787,3.7803217454973272,1.7773539418497912
2024-04-18,4.30572831268405,3.874717052806981,4.575092202522549
2024-04-19,4.392750512820268,4.045703858928404,1.6971232093373283
2024-04-22,4.120838158728073,3.627220748199575,5.4442108258377155
2024-04-23,4.406768846164699,3.9803072531481414,5.719677063658995
2024-04-24,4.689929245069479,3.9861736661000453,4.650247721481716
2024-04-25,4.72577068585703,4.402500304555672,2.015076500355281
2024-04-26,4.440611682215748,4.128851110285258,0.26290123829007694
2024-04-29,4.110082752992367,3.980248554677151,1.4667807061935918
2024-04-30,3.8545686290047145,3.4286461296833513,1.3984815369493742
2024-05-01,3.6165062848535348,2.8434476223915173,1.4606803356321065
2024-05-02,3.4115095972970777,2.3929272917610627,2.345021107999478
2024-05-03,3.307419632216043,2.321572962631448,5.416448230289658
2024-05-06,3.7773515891441507,2.981971896772474,0.9825020725135473
2024-05-07,3.5300772883919036,3.0205396869759165,3.010739546801976
2024-05-08,3.4886814249746463,3.1596583483436156,0.5235379617260667
2024-05-09,3.253187749419306,3.064502866649068,0.503425030446211
2024-05-10,3.0360383159784536,2.770140664368747,0.6170109258755078
2024-05-13,2.847031962168456,2.117292477827328,3.6054522434199745
2024-05-14,3.014830903744531,2.394987742475281,2.1139250465863313
2024-05-15,2.936087839714291,2.2782286625894965,1.3373460653726683
2024-05-16,2.7923057685771573,2.396845708965337,6.597211902003362
2024-05-17,3.6519736137031926,3.0787562278573004,8.84794575544735
2024-05-20,4.934900855964845,4.189028346041594,2.8069921055735176
2024-05-21,4.693095281265925,4.217147926457966,0.1437655767092605
2024-05-22,4.340873733133128,4.005758109802489,8.899252146841178
2024-05-23,5.28722316098217,4.824061091577092,1.0282345770772785
2024-05-24,4.900597206381976,4.235279754233448,1.1833214042353726
2024-05-27,4.55591238498688,3.1779525927697163,7.278137891956668
2024-05-28,5.139716438954479,3.6722536605432357,4.509964664640261
2024-05-29,5.081428763033356,4.366116255503389,6.902374471928943
2024-05-30,5.401416280891877,4.098472659482374,2.883658722335699
2024-05-31,5.117204807648576,4.461720215398729,5.057156621459424
2024-06-03,5.146387575293593,4.9578783862102735,2.4941463201754717
2024-06-04,4.855984350736561,4.389680721642297,14.228585554564601
2024-06-05,7.319081181652033,5.474501983563087,20.947187575804683
2024-06-06,10.491382938392954,7.385376301886755,10.173289162767567
2024-06-07,10.500830402906853,8.697539996425272,2.383924259297442
2024-06-10,9.696796549592696,8.553187700048824,1.3246576962314243
2024-06-11,8.93289411468171,8.427490813207415,14.575647952304733
2024-06-12,10.147367064016368,8.295203361761022,7.77458071064256
2024-06-13,9.800703102186256,6.763203262907236,11.042264155261675
2024-06-14,10.074789868648585,6.891803704035701,4.878800281530096
2024-06-17,9.470245388597307,7.412181615650746,12.523843815000287
2024-06-18,10.099671567335363,8.768819825130205,6.652990893667177
2024-06-19,9.669966194060466,7.842085546029996,1.1584857221662002
